{"stats":{"minecraft:killed":{"minecraft:villager":28},"minecraft:mined":{"minecraft:white_bed":1,"minecraft:glowstone":1,"minecraft:acacia_fence":6},"minecraft:custom":{"minecraft:time_since_rest":173336,"minecraft:sprint_one_cm":962875,"minecraft:damage_taken":20048,"minecraft:walk_one_cm":261798,"minecraft:mob_kills":28,"minecraft:drop":16,"minecraft:damage_dealt":4180,"minecraft:talked_to_villager":1,"minecraft:fly_one_cm":1217500,"minecraft:target_hit":7,"minecraft:player_kills":5,"minecraft:open_chest":3,"minecraft:crouch_one_cm":10721,"minecraft:play_one_minute":470384,"minecraft:deaths":5,"minecraft:sneak_time":19795,"minecraft:walk_under_water_one_cm":175,"minecraft:jump":3594,"minecraft:leave_game":21,"minecraft:walk_on_water_one_cm":1676,"minecraft:time_since_death":173333,"minecraft:damage_resisted":2813,"minecraft:climb_one_cm":6165,"minecraft:fall_one_cm":1877657},"minecraft:dropped":{"minecraft:cyan_stained_glass":1,"minecraft:iron_door":1,"minecraft:wooden_sword":9,"minecraft:oak_sign":1,"minecraft:carrot_on_a_stick":4},"minecraft:picked_up":{"minecraft:cooked_porkchop":60,"minecraft:music_disc_mellohi":1,"minecraft:potion":1,"minecraft:bamboo":1,"minecraft:smooth_quartz_slab":1},"minecraft:used":{"minecraft:brain_coral_block":1,"minecraft:oak_log":6,"minecraft:brown_terracotta":3,"minecraft:nether_brick_wall":2,"minecraft:water_bucket":19,"minecraft:lever":1,"minecraft:black_wool":27,"minecraft:black_concrete":3,"minecraft:crying_obsidian":1,"minecraft:gray_stained_glass_pane":2,"minecraft:light_gray_concrete":141,"minecraft:birch_planks":30,"minecraft:oak_sign":4,"minecraft:smooth_sandstone":65,"minecraft:carrot_on_a_stick":160,"minecraft:redstone":11,"minecraft:brown_wool":10,"minecraft:ladder":24,"minecraft:quartz_block":28,"minecraft:wet_sponge":20,"minecraft:warped_nylium":1,"minecraft:stone_slab":1,"minecraft:stone":26,"minecraft:spruce_trapdoor":2,"minecraft:gray_concrete_powder":21,"minecraft:vindicator_spawn_egg":1,"minecraft:iron_door":6,"minecraft:quartz_stairs":1,"minecraft:player_head":17,"minecraft:stone_bricks":34,"minecraft:item_frame":1,"minecraft:white_wool":36,"minecraft:respawn_anchor":4,"minecraft:wooden_sword":92,"minecraft:glowstone":5,"minecraft:ancient_debris":26,"minecraft:coal_block":2,"minecraft:soul_sand":4,"minecraft:bow":12,"minecraft:target":2,"minecraft:comparator":1,"minecraft:light_blue_concrete":2,"minecraft:iron_trapdoor":1,"minecraft:tnt":1,"minecraft:twisting_vines":2,"minecraft:white_bed":3,"minecraft:sandstone_slab":3,"minecraft:light_gray_concrete_powder":91,"minecraft:nether_brick_slab":63,"minecraft:coarse_dirt":7,"minecraft:gray_concrete":14,"minecraft:splash_potion":29,"minecraft:nether_brick_stairs":38,"minecraft:brown_mushroom_block":32,"minecraft:cyan_stained_glass":2,"minecraft:polished_diorite":4,"minecraft:cobweb":8},"minecraft:killed_by":{"minecraft:player":5}},"DataVersion":2567}