{"stats":{"minecraft:picked_up":{"minecraft:bell":1,"minecraft:brain_coral_block":1,"minecraft:bamboo":19},"minecraft:custom":{"minecraft:time_since_rest":5088,"minecraft:crouch_one_cm":4622,"minecraft:play_one_minute":114394,"minecraft:sprint_one_cm":133611,"minecraft:deaths":8,"minecraft:damage_taken":21600,"minecraft:walk_one_cm":107637,"minecraft:bell_ring":10,"minecraft:sneak_time":2716,"minecraft:walk_under_water_one_cm":24,"minecraft:drop":11,"minecraft:jump":1213,"minecraft:damage_dealt":10,"minecraft:leave_game":4,"minecraft:walk_on_water_one_cm":284,"minecraft:time_since_death":4869,"minecraft:damage_resisted":770,"minecraft:talked_to_villager":1,"minecraft:swim_one_cm":231,"minecraft:fall_one_cm":2060799,"minecraft:fly_one_cm":303998},"minecraft:used":{"minecraft:carrot_on_a_stick":8,"minecraft:splash_potion":83},"minecraft:killed_by":{"minecraft:player":2},"minecraft:dropped":{"minecraft:lead":1,"minecraft:bamboo":19,"minecraft:bell":1,"minecraft:splash_potion":8}},"DataVersion":2230}