{"stats":{"minecraft:killed":{"minecraft:villager":1},"minecraft:mined":{"minecraft:acacia_fence":2},"minecraft:custom":{"minecraft:open_barrel":1,"minecraft:time_since_rest":15981,"minecraft:play_one_minute":201936,"minecraft:crouch_one_cm":18288,"minecraft:sprint_one_cm":567388,"minecraft:walk_one_cm":235869,"minecraft:damage_taken":8860,"minecraft:deaths":2,"minecraft:sneak_time":9812,"minecraft:mob_kills":1,"minecraft:interact_with_anvil":3,"minecraft:drop":781,"minecraft:jump":2696,"minecraft:inspect_hopper":14,"minecraft:damage_dealt":611,"minecraft:leave_game":1,"minecraft:walk_on_water_one_cm":371,"minecraft:time_since_death":15977,"minecraft:climb_one_cm":9214,"minecraft:damage_resisted":212,"minecraft:talked_to_villager":2,"minecraft:tune_noteblock":4,"minecraft:fall_one_cm":935334,"minecraft:fly_one_cm":675138,"minecraft:player_kills":1},"minecraft:dropped":{"minecraft:orange_dye":1,"minecraft:red_stained_glass_pane":780},"minecraft:picked_up":{"minecraft:egg":1},"minecraft:used":{"minecraft:wooden_sword":12,"minecraft:carrot_on_a_stick":1245,"minecraft:splash_potion":6},"minecraft:killed_by":{"minecraft:player":2}},"DataVersion":2567}