{"stats":{"minecraft:picked_up":{"minecraft:redstone_block":1,"minecraft:flower_pot":1,"minecraft:potion":6,"minecraft:brain_coral_block":67,"minecraft:music_disc_cat":1,"minecraft:red_dye":299,"minecraft:smooth_quartz_stairs":1,"minecraft:acacia_fence":1,"minecraft:blue_dye":2,"minecraft:red_tulip":105,"minecraft:cyan_terracotta":1,"minecraft:glowstone":128,"minecraft:potato":9,"minecraft:light_gray_concrete_powder":1,"minecraft:gray_concrete_powder":3,"minecraft:name_tag":1,"minecraft:gray_terracotta":1,"minecraft:bamboo":104,"minecraft:debug_stick":1,"minecraft:lily_of_the_valley":1,"minecraft:light_gray_concrete":1,"minecraft:allium":13,"minecraft:splash_potion":7,"minecraft:item_frame":1,"minecraft:player_head":317,"minecraft:egg":5,"minecraft:redstone":30,"minecraft:diamond_boots":2,"minecraft:yellow_terracotta":1,"minecraft:white_wool":1,"minecraft:wet_sponge":192,"minecraft:carrot_on_a_stick":3,"minecraft:music_disc_stal":2,"minecraft:nether_brick_slab":1,"minecraft:painting":5,"minecraft:mossy_cobblestone_stairs":1,"minecraft:ender_pearl":3,"minecraft:sunflower":1},"minecraft:killed":{"minecraft:chicken":1,"minecraft:parrot":5,"minecraft:horse":1,"minecraft:villager":160},"minecraft:mined":{"minecraft:acacia_fence":53},"minecraft:killed_by":{"minecraft:player":16},"minecraft:used":{"minecraft:peony":4,"minecraft:nether_brick_fence":42,"minecraft:light_blue_stained_glass_pane":25,"minecraft:blue_terracotta":4,"minecraft:light_gray_stained_glass_pane":34,"minecraft:melon":4,"minecraft:cut_red_sandstone_slab":77,"minecraft:bone_block":11,"minecraft:dead_brain_coral":4,"minecraft:spruce_slab":83,"minecraft:dead_tube_coral_fan":3,"minecraft:carrot_on_a_stick":1164,"minecraft:diamond_hoe":3,"minecraft:ladder":11,"minecraft:oak_sign":157,"minecraft:polished_basalt":11,"minecraft:white_concrete_powder":1,"minecraft:chest":6,"minecraft:white_terracotta":504,"minecraft:stone":757,"minecraft:brown_concrete":1,"minecraft:zombie_spawn_egg":1,"minecraft:warped_sign":12,"minecraft:grass":16,"minecraft:quartz_stairs":59,"minecraft:bell":9,"minecraft:player_head":105,"minecraft:farmland":12,"minecraft:green_terracotta":69,"minecraft:spruce_leaves":30,"minecraft:debug_stick":1029,"minecraft:soul_sand":7,"minecraft:lily_of_the_valley":3,"minecraft:blue_stained_glass":4,"minecraft:brick_slab":47,"minecraft:nether_bricks":330,"minecraft:carrot":2,"minecraft:jungle_slab":3,"minecraft:acacia_button":6,"minecraft:beehive":1,"minecraft:cyan_wool":3,"minecraft:milk_bucket":8,"minecraft:polished_blackstone_slab":1,"minecraft:glass":62,"minecraft:packed_ice":5,"minecraft:cyan_terracotta":117,"minecraft:bricks":44,"minecraft:coal_ore":15,"minecraft:quartz_pillar":14,"minecraft:warped_hyphae":1,"minecraft:quartz_slab":126,"minecraft:red_wool":4,"minecraft:black_stained_glass_pane":1,"minecraft:lantern":2,"minecraft:grass_block":63,"minecraft:panda_spawn_egg":13,"minecraft:quartz_block":18,"minecraft:green_wool":5,"minecraft:warped_nylium":1,"minecraft:dark_oak_slab":136,"minecraft:gray_concrete_powder":649,"minecraft:tropical_fish_spawn_egg":14,"minecraft:dark_oak_button":9,"minecraft:diorite_wall":4,"minecraft:stone_brick_stairs":23,"minecraft:music_disc_stal":3,"minecraft:item_frame":5,"minecraft:bedrock":27,"minecraft:birch_button":3,"minecraft:birch_trapdoor":16,"minecraft:repeater":33,"minecraft:red_stained_glass_pane":1,"minecraft:red_carpet":3,"minecraft:brown_carpet":7,"minecraft:snow":80,"minecraft:acacia_fence":17,"minecraft:gold_block":302,"minecraft:egg":5,"minecraft:dragon_head":1,"minecraft:brown_concrete_powder":2,"minecraft:dark_prismarine_stairs":52,"minecraft:large_fern":10,"minecraft:light_blue_carpet":12,"minecraft:dark_oak_stairs":102,"minecraft:diorite":1,"minecraft:end_rod":13,"minecraft:spruce_door":2,"minecraft:stripped_birch_log":11,"minecraft:gray_carpet":30,"minecraft:powered_rail":51,"minecraft:dark_oak_sign":4,"minecraft:jungle_fence":14,"minecraft:oak_planks":78,"minecraft:lily_pad":2,"minecraft:polished_diorite_slab":41,"minecraft:sandstone":24,"minecraft:redstone_block":16,"minecraft:structure_void":18,"minecraft:parrot_spawn_egg":15,"minecraft:clay":7,"minecraft:sugar_cane":1,"minecraft:smooth_quartz_stairs":7,"minecraft:oak_leaves":20,"minecraft:white_wool":661,"minecraft:sand":130,"minecraft:purpur_stairs":21,"minecraft:yellow_terracotta":19,"minecraft:light_blue_concrete":4,"minecraft:cut_sandstone_slab":5,"minecraft:loom":1,"minecraft:light_gray_terracotta":3,"minecraft:yellow_concrete":446,"minecraft:blue_ice":7,"minecraft:sponge":2,"minecraft:purple_terracotta":33,"minecraft:note_block":12,"minecraft:gray_concrete":335,"minecraft:black_concrete_powder":3,"minecraft:purple_concrete_powder":18,"minecraft:birch_fence":12,"minecraft:creeper_spawn_egg":4,"minecraft:redstone_torch":1,"minecraft:black_terracotta":224,"minecraft:dead_fire_coral_fan":1,"minecraft:lever":30,"minecraft:green_concrete":64,"minecraft:black_concrete":226,"minecraft:daylight_detector":28,"minecraft:birch_fence_gate":14,"minecraft:birch_slab":47,"minecraft:dark_oak_log":1,"minecraft:gray_stained_glass_pane":58,"minecraft:lime_carpet":13,"minecraft:light_gray_concrete":269,"minecraft:brown_stained_glass":5,"minecraft:barrier":796,"minecraft:stone_button":10,"minecraft:red_terracotta":4,"minecraft:polished_granite":1,"minecraft:oak_pressure_plate":7,"minecraft:iron_door":5,"minecraft:polished_andesite_slab":107,"minecraft:diamond_sword":10,"minecraft:coal_block":314,"minecraft:wooden_sword":749,"minecraft:light_blue_concrete_powder":4,"minecraft:dead_horn_coral_fan":8,"minecraft:grindstone":18,"minecraft:dark_oak_fence":2,"minecraft:andesite":62,"minecraft:white_stained_glass":121,"minecraft:green_concrete_powder":6,"minecraft:birch_log":1,"minecraft:chain":10,"minecraft:ice":16,"minecraft:smooth_stone_slab":361,"minecraft:chest_minecart":2,"minecraft:white_concrete":29,"minecraft:coarse_dirt":4,"minecraft:diorite_slab":11,"minecraft:cobweb":13,"minecraft:gray_stained_glass":60,"minecraft:diorite_stairs":2,"minecraft:oak_fence":20,"minecraft:oak_trapdoor":48,"minecraft:purpur_block":1,"minecraft:petrified_oak_slab":2,"minecraft:netherite_sword":21,"minecraft:jungle_leaves":82,"minecraft:polished_blackstone_brick_slab":6,"minecraft:rose_bush":1,"minecraft:iron_bars":23,"minecraft:flint_and_steel":8,"minecraft:dead_bush":7,"minecraft:armor_stand":3,"minecraft:redstone":22,"minecraft:light_gray_carpet":69,"minecraft:light_blue_terracotta":21,"minecraft:spruce_planks":670,"minecraft:sandstone_wall":5,"minecraft:structure_block":110,"minecraft:orange_stained_glass":1,"minecraft:green_glazed_terracotta":4,"minecraft:torch":33,"minecraft:end_stone_brick_wall":9,"minecraft:anvil":137,"minecraft:dirt":14,"minecraft:red_nether_brick_slab":17,"minecraft:ancient_debris":2,"minecraft:white_carpet":9,"minecraft:hopper":6,"minecraft:spruce_stairs":148,"minecraft:cobblestone_wall":51,"minecraft:dead_tube_coral":2,"minecraft:stone_stairs":14,"minecraft:nether_brick_slab":749,"minecraft:yellow_carpet":4,"minecraft:pink_carpet":20,"minecraft:granite":5,"minecraft:spruce_fence":20,"minecraft:light_blue_stained_glass":12,"minecraft:nether_brick_stairs":258,"minecraft:oak_fence_gate":7,"minecraft:fern":3,"minecraft:mossy_cobblestone_stairs":1,"minecraft:stone_brick_slab":14,"minecraft:brown_terracotta":19,"minecraft:dark_oak_planks":20,"minecraft:sea_lantern":365,"minecraft:light_gray_stained_glass":38,"minecraft:iron_block":15,"minecraft:oak_stairs":33,"minecraft:smooth_sandstone":14,"minecraft:brick_stairs":5,"minecraft:slime_block":10,"minecraft:warped_fence":6,"minecraft:acacia_slab":25,"minecraft:smooth_quartz":31,"minecraft:barrel":42,"minecraft:yellow_concrete_powder":9,"minecraft:light_gray_wool":23,"minecraft:basalt":8,"minecraft:tripwire_hook":10,"minecraft:glowstone":163,"minecraft:lime_concrete":2,"minecraft:black_stained_glass":174,"minecraft:tall_grass":8,"minecraft:emerald_block":11,"minecraft:iron_trapdoor":123,"minecraft:magenta_terracotta":2,"minecraft:white_stained_glass_pane":80,"minecraft:minecart":7,"minecraft:acacia_wood":136,"minecraft:cyan_concrete_powder":1,"minecraft:stone_pressure_plate":2,"minecraft:acacia_planks":3,"minecraft:mossy_stone_brick_wall":2,"minecraft:orange_terracotta":39,"minecraft:dead_bubble_coral_fan":4,"minecraft:brain_coral_block":42,"minecraft:wheat_seeds":3,"minecraft:water_bucket":35,"minecraft:warped_stem":15,"minecraft:nether_brick_wall":61,"minecraft:iron_ore":10,"minecraft:cobblestone_stairs":18,"minecraft:sandstone_stairs":47,"minecraft:pink_glazed_terracotta":2,"minecraft:snow_block":8,"minecraft:birch_planks":120,"minecraft:polished_andesite":34,"minecraft:blue_wool":7,"minecraft:smooth_sandstone_slab":3,"minecraft:brown_mushroom":1,"minecraft:blue_concrete_powder":30,"minecraft:spruce_sign":5,"minecraft:cauldron":26,"minecraft:stonecutter":4,"minecraft:chiseled_nether_bricks":4,"minecraft:cobblestone_slab":4,"minecraft:gold_ore":5,"minecraft:gilded_blackstone":8,"minecraft:comparator":2,"minecraft:diamond_block":15,"minecraft:lime_terracotta":117,"minecraft:rabbit_spawn_egg":1,"minecraft:light_gray_banner":12,"minecraft:rail":47,"minecraft:terracotta":113,"minecraft:vine":23,"minecraft:oak_slab":129,"minecraft:dark_prismarine_slab":62,"minecraft:birch_sign":5,"minecraft:campfire":6,"minecraft:dark_oak_fence_gate":4,"minecraft:light_gray_concrete_powder":267,"minecraft:fire_coral":4,"minecraft:painting":130,"minecraft:brown_glazed_terracotta":68,"minecraft:endermite_spawn_egg":1,"minecraft:smoker":1,"minecraft:spruce_log":2,"minecraft:dark_oak_door":6,"minecraft:cyan_stained_glass":22,"minecraft:oak_log":6,"minecraft:gray_terracotta":75,"minecraft:piston":22,"minecraft:dark_prismarine":384,"minecraft:flower_pot":34,"minecraft:acacia_stairs":2,"minecraft:black_wool":5,"minecraft:command_block":42,"minecraft:oak_button":2,"minecraft:cyan_concrete":1,"minecraft:jungle_stairs":22,"minecraft:cracked_nether_bricks":4,"minecraft:stone_slab":42,"minecraft:magenta_concrete_powder":2,"minecraft:purpur_slab":24,"minecraft:spruce_trapdoor":32,"minecraft:yellow_wool":19,"minecraft:acacia_fence_gate":4,"minecraft:green_carpet":2,"minecraft:brown_stained_glass_pane":5,"minecraft:cobblestone":21,"minecraft:potion":1,"minecraft:red_concrete_powder":5,"minecraft:chain_command_block":1,"minecraft:sandstone_slab":134,"minecraft:end_portal_frame":1,"minecraft:sea_pickle":6,"minecraft:gray_wool":303,"minecraft:smooth_stone":168,"minecraft:brown_mushroom_block":41,"minecraft:jukebox":24,"minecraft:splash_potion":1260,"minecraft:birch_stairs":60},"minecraft:dropped":{"minecraft:nether_brick_stairs":1,"minecraft:dark_oak_stairs":1,"minecraft:oak_pressure_plate":1,"minecraft:carrot_on_a_stick":10,"minecraft:rail":1,"minecraft:gold_block":2,"minecraft:cyan_terracotta":3,"minecraft:gray_concrete":3,"minecraft:wooden_sword":1,"minecraft:sunflower":5696,"minecraft:black_concrete":4,"minecraft:pink_glazed_terracotta":1,"minecraft:polished_andesite_slab":7,"minecraft:black_terracotta":4,"minecraft:light_gray_carpet":1,"minecraft:carrot":1,"minecraft:oak_fence_gate":1,"minecraft:coal_ore":1,"minecraft:jungle_stairs":4,"minecraft:glowstone":64,"minecraft:ladder":2,"minecraft:glass":2,"minecraft:acacia_fence":1,"minecraft:light_gray_concrete_powder":4,"minecraft:splash_potion":5,"minecraft:gray_stained_glass_pane":6,"minecraft:barrier":2,"minecraft:yellow_terracotta":1,"minecraft:cobblestone":1,"minecraft:command_block":2,"minecraft:spruce_stairs":1,"minecraft:coal_block":2,"minecraft:polished_andesite":1,"minecraft:gray_wool":6,"minecraft:blue_dye":1,"minecraft:iron_trapdoor":1,"minecraft:repeater":3,"minecraft:wooden_axe":1,"minecraft:brown_wool":1,"minecraft:potion":11,"minecraft:red_dye":108,"minecraft:mossy_cobblestone_stairs":1,"minecraft:redstone_block":2,"minecraft:nether_brick_slab":8,"minecraft:bricks":3,"minecraft:oak_trapdoor":1,"minecraft:player_head":3084,"minecraft:polished_diorite_slab":2,"minecraft:cobblestone_wall":1,"minecraft:smooth_stone_slab":6,"minecraft:cyan_stained_glass_pane":7,"minecraft:slime_block":1,"minecraft:stone_slab":2,"minecraft:light_gray_concrete":3,"minecraft:white_terracotta":1,"minecraft:debug_stick":1,"minecraft:nether_bricks":12,"minecraft:oak_sign":1,"minecraft:lily_of_the_valley":1,"minecraft:stone":5,"minecraft:brain_coral_block":2,"minecraft:gray_terracotta":1,"minecraft:flower_pot":1,"minecraft:allium":22,"minecraft:andesite":1,"minecraft:gray_concrete_powder":3,"minecraft:bamboo":68,"minecraft:white_stained_glass":1,"minecraft:black_wool":1,"minecraft:quartz_slab":1},"minecraft:custom":{"minecraft:animals_bred":1,"minecraft:open_barrel":23,"minecraft:bell_ring":61,"minecraft:leave_game":55,"minecraft:time_since_death":45043,"minecraft:damage_resisted":3453,"minecraft:sprint_one_cm":5292861,"minecraft:drop":461,"minecraft:talked_to_villager":2,"minecraft:deaths":25,"minecraft:jump":45659,"minecraft:walk_on_water_one_cm":14751,"minecraft:play_record":3,"minecraft:play_one_minute":6241787,"minecraft:interact_with_loom":1,"minecraft:damage_dealt":42960,"minecraft:player_kills":53,"minecraft:crouch_one_cm":359779,"minecraft:interact_with_anvil":13,"minecraft:mob_kills":174,"minecraft:interact_with_campfire":9,"minecraft:climb_one_cm":111703,"minecraft:walk_one_cm":2469762,"minecraft:sneak_time":219011,"minecraft:walk_under_water_one_cm":6948,"minecraft:tune_noteblock":99,"minecraft:pot_flower":2,"minecraft:interact_with_grindstone":8,"minecraft:time_since_rest":45046,"minecraft:damage_taken":16790,"minecraft:minecart_one_cm":316215,"minecraft:swim_one_cm":1222,"minecraft:fly_one_cm":33436446,"minecraft:open_chest":48,"minecraft:fall_one_cm":938120}},"DataVersion":2567}