{"stats":{"minecraft:custom":{"minecraft:time_since_rest":207881,"minecraft:crouch_one_cm":3164,"minecraft:play_one_minute":207881,"minecraft:sprint_one_cm":54485,"minecraft:damage_taken":1600,"minecraft:walk_one_cm":147066,"minecraft:sneak_time":2191,"minecraft:drop":3,"minecraft:jump":350,"minecraft:leave_game":23,"minecraft:time_since_death":207881,"minecraft:fall_one_cm":3363,"minecraft:fly_one_cm":322829},"minecraft:dropped":{"minecraft:black_glazed_terracotta":3},"minecraft:used":{"minecraft:blue_glazed_terracotta":6,"minecraft:cyan_terracotta":4,"minecraft:red_stained_glass_pane":2,"minecraft:light_blue_glazed_terracotta":5,"minecraft:command_block":1,"minecraft:orange_glazed_terracotta":13,"minecraft:white_stained_glass":5,"minecraft:carrot_on_a_stick":13,"minecraft:jungle_fence":3,"minecraft:magenta_glazed_terracotta":1,"minecraft:light_gray_glazed_terracotta":14,"minecraft:white_glazed_terracotta":9,"minecraft:acacia_button":1,"minecraft:purple_glazed_terracotta":9,"minecraft:black_glazed_terracotta":12,"minecraft:nether_brick_stairs":1,"minecraft:splash_potion":4,"minecraft:red_glazed_terracotta":2,"minecraft:lime_glazed_terracotta":1},"minecraft:picked_up":{"minecraft:black_glazed_terracotta":3}},"DataVersion":2567}