{"stats":{"minecraft:used":{"minecraft:carrot_on_a_stick":4,"minecraft:wooden_sword":2},"minecraft:custom":{"minecraft:jump":728,"minecraft:time_since_rest":60200,"minecraft:damage_dealt":98,"minecraft:crouch_one_cm":7636,"minecraft:play_one_minute":60200,"minecraft:leave_game":1,"minecraft:sprint_one_cm":122379,"minecraft:damage_taken":1090,"minecraft:time_since_death":60200,"minecraft:walk_one_cm":48298,"minecraft:sneak_time":1708,"minecraft:climb_one_cm":3209,"minecraft:damage_resisted":22,"minecraft:drop":3,"minecraft:fall_one_cm":149472,"minecraft:fly_one_cm":126161,"minecraft:open_barrel":1},"minecraft:dropped":{"minecraft:red_stained_glass_pane":3}},"DataVersion":2230}