{"stats":{"minecraft:mined":{"minecraft:acacia_fence":130},"minecraft:custom":{"minecraft:open_barrel":13,"minecraft:bell_ring":1,"minecraft:leave_game":80,"minecraft:time_since_death":639546,"minecraft:damage_resisted":6047,"minecraft:sprint_one_cm":10266067,"minecraft:drop":1193,"minecraft:talked_to_villager":36,"minecraft:deaths":54,"minecraft:jump":59050,"minecraft:walk_on_water_one_cm":7769,"minecraft:play_record":2,"minecraft:play_one_minute":7049719,"minecraft:interact_with_loom":1,"minecraft:damage_dealt":71060,"minecraft:player_kills":45,"minecraft:crouch_one_cm":308927,"minecraft:horse_one_cm":160,"minecraft:mob_kills":348,"minecraft:interact_with_anvil":1,"minecraft:climb_one_cm":295676,"minecraft:walk_one_cm":3929048,"minecraft:sneak_time":215104,"minecraft:walk_under_water_one_cm":3561,"minecraft:tune_noteblock":172,"minecraft:pot_flower":2,"minecraft:time_since_rest":639549,"minecraft:damage_taken":29020,"minecraft:swim_one_cm":4338,"minecraft:fly_one_cm":34357169,"minecraft:open_chest":10,"minecraft:aviate_one_cm":15937,"minecraft:fall_one_cm":1770269},"minecraft:killed":{"minecraft:zombified_piglin":1,"minecraft:skeleton":2,"minecraft:chicken":1,"minecraft:elder_guardian":1,"minecraft:strider":2,"minecraft:creeper":5,"minecraft:sheep":2,"minecraft:evoker":1,"minecraft:endermite":69,"minecraft:vindicator":1,"minecraft:horse":1,"minecraft:panda":10,"minecraft:llama":1,"minecraft:ocelot":2,"minecraft:bat":2,"minecraft:ravager":1,"minecraft:villager":235,"minecraft:enderman":2},"minecraft:killed_by":{"minecraft:player":50},"minecraft:dropped":{"minecraft:nether_brick_stairs":11,"minecraft:crimson_stem":1,"minecraft:daylight_detector":3,"minecraft:dark_oak_stairs":7,"minecraft:orange_dye":13,"minecraft:sandstone_stairs":1,"minecraft:dark_oak_slab":9,"minecraft:weeping_vines":64,"minecraft:cookie":1,"minecraft:leather":63,"minecraft:red_wool":6,"minecraft:carrot_on_a_stick":47,"minecraft:gold_block":1,"minecraft:cyan_terracotta":44,"minecraft:gray_concrete":17,"minecraft:ice":64,"minecraft:yellow_dye":1,"minecraft:wooden_sword":3,"minecraft:sunflower":2624,"minecraft:sand":4,"minecraft:black_concrete":5,"minecraft:dark_oak_planks":4,"minecraft:black_stained_glass":1,"minecraft:pink_glazed_terracotta":1,"minecraft:white_wool":10,"minecraft:brown_mushroom_block":32,"minecraft:armor_stand":17,"minecraft:green_wool":1,"minecraft:dark_oak_door":1,"minecraft:note_block":1,"minecraft:pink_terracotta":1,"minecraft:emerald_block":1,"minecraft:diamond_block":6,"minecraft:cooked_chicken":1,"minecraft:black_terracotta":12,"minecraft:acacia_button":1,"minecraft:red_stained_glass_pane":39,"minecraft:bat_spawn_egg":65,"minecraft:sea_lantern":66,"minecraft:ocelot_spawn_egg":64,"minecraft:piglin_spawn_egg":64,"minecraft:jungle_stairs":1,"minecraft:quartz_block":20,"minecraft:spruce_slab":1,"minecraft:white_dye":66,"minecraft:glass":2,"minecraft:stone_brick_stairs":6,"minecraft:white_concrete_powder":1,"minecraft:light_gray_concrete_powder":31,"minecraft:splash_potion":10,"minecraft:egg":17,"minecraft:enchanted_book":8,"minecraft:crimson_pressure_plate":64,"minecraft:cyan_stained_glass":37,"minecraft:black_dye":8,"minecraft:gray_stained_glass_pane":1,"minecraft:yellow_concrete":6,"minecraft:creeper_spawn_egg":1,"minecraft:yellow_terracotta":1,"minecraft:feather":7,"minecraft:knowledge_book":2,"minecraft:granite":3,"minecraft:spruce_button":1,"minecraft:chicken_spawn_egg":3,"minecraft:spruce_stairs":1,"minecraft:grass_block":3,"minecraft:coal_block":1,"minecraft:stick":1,"minecraft:polished_andesite":1,"minecraft:brown_concrete_powder":32,"minecraft:gray_wool":20,"minecraft:blue_dye":2,"minecraft:diorite":2,"minecraft:iron_trapdoor":2,"minecraft:light_blue_wool":1,"minecraft:wooden_axe":1,"minecraft:smooth_quartz":7,"minecraft:yellow_glazed_terracotta":1,"minecraft:fire_charge":2,"minecraft:potion":46,"minecraft:smooth_quartz_slab":5,"minecraft:brown_terracotta":78,"minecraft:stripped_birch_log":5,"minecraft:jungle_leaves":1,"minecraft:polished_basalt":1,"minecraft:smooth_sandstone":1,"minecraft:music_disc_cat":1,"minecraft:lapis_block":1,"minecraft:redstone_block":1,"minecraft:redstone":15,"minecraft:polished_diorite":3,"minecraft:red_concrete":22,"minecraft:nether_brick_slab":58,"minecraft:bricks":46,"minecraft:blue_terracotta":1,"minecraft:green_terracotta":9,"minecraft:player_head":118,"minecraft:polished_diorite_slab":4,"minecraft:cobblestone_wall":1,"minecraft:smooth_stone_slab":2,"minecraft:brown_glazed_terracotta":1,"minecraft:blue_concrete":4,"minecraft:cyan_stained_glass_pane":7,"minecraft:light_gray_concrete":18,"minecraft:debug_stick":1,"minecraft:light_blue_concrete":8,"minecraft:nether_bricks":7,"minecraft:diamond_sword":1,"minecraft:cobblestone_slab":1,"minecraft:stone":29,"minecraft:brain_coral_block":3,"minecraft:gray_terracotta":9,"minecraft:black_concrete_powder":1,"minecraft:allium":4,"minecraft:peony":1,"minecraft:cake":1,"minecraft:quartz_stairs":4,"minecraft:mossy_stone_bricks":1,"minecraft:cat_spawn_egg":64,"minecraft:stone_bricks":1,"minecraft:barrel":5,"minecraft:gray_concrete_powder":16,"minecraft:bamboo":1,"minecraft:bow":3,"minecraft:brown_stained_glass":2,"minecraft:brick_slab":21,"minecraft:dark_prismarine":1,"minecraft:white_stained_glass":33,"minecraft:cyan_concrete_powder":3,"minecraft:black_wool":2,"minecraft:magenta_terracotta":1,"minecraft:quartz_slab":95,"minecraft:terracotta":11},"minecraft:used":{"minecraft:peony":1,"minecraft:light_blue_stained_glass_pane":8,"minecraft:nether_brick_fence":9,"minecraft:blue_terracotta":2,"minecraft:light_gray_stained_glass_pane":89,"minecraft:smooth_quartz_slab":107,"minecraft:spruce_slab":4,"minecraft:carrot_on_a_stick":3797,"minecraft:oak_sign":3,"minecraft:polished_basalt":56,"minecraft:white_concrete_powder":7,"minecraft:stone":320,"minecraft:quartz_stairs":54,"minecraft:grass":5,"minecraft:player_head":16,"minecraft:green_terracotta":50,"minecraft:spruce_leaves":11,"minecraft:debug_stick":359,"minecraft:blue_stained_glass":43,"minecraft:brick_slab":26,"minecraft:jungle_planks":6,"minecraft:nether_bricks":176,"minecraft:acacia_button":36,"minecraft:beehive":1,"minecraft:azure_bluet":1,"minecraft:weeping_vines":12,"minecraft:milk_bucket":2,"minecraft:polished_blackstone_slab":5,"minecraft:glass":117,"minecraft:crimson_button":6,"minecraft:cyan_terracotta":78,"minecraft:bricks":29,"minecraft:quartz_pillar":1,"minecraft:quartz_slab":161,"minecraft:red_wool":8,"minecraft:lantern":1,"minecraft:grass_block":43,"minecraft:quartz_block":96,"minecraft:green_wool":15,"minecraft:dark_oak_slab":12,"minecraft:gray_concrete_powder":35,"minecraft:diorite_wall":2,"minecraft:stone_brick_stairs":10,"minecraft:music_disc_stal":1,"minecraft:repeater":18,"minecraft:red_stained_glass_pane":43,"minecraft:redstone_lamp":1,"minecraft:bow":15,"minecraft:snow":51,"minecraft:scaffolding":1,"minecraft:yellow_glazed_terracotta":3,"minecraft:acacia_fence":24,"minecraft:gold_block":71,"minecraft:egg":5848,"minecraft:pink_concrete_powder":1,"minecraft:dark_prismarine_stairs":12,"minecraft:brown_concrete_powder":15,"minecraft:large_fern":2,"minecraft:lime_glazed_terracotta":3,"minecraft:dark_oak_stairs":11,"minecraft:mossy_stone_bricks":18,"minecraft:diorite":6,"minecraft:end_rod":5,"minecraft:wither_skeleton_skull":3,"minecraft:stripped_birch_log":8,"minecraft:birch_leaves":6,"minecraft:gray_carpet":2,"minecraft:acacia_trapdoor":6,"minecraft:powered_rail":2,"minecraft:jungle_fence":12,"minecraft:oak_planks":4,"minecraft:polished_diorite_slab":4,"minecraft:lime_concrete_powder":4,"minecraft:redstone_block":28,"minecraft:clay":7,"minecraft:smooth_quartz_stairs":4,"minecraft:oak_leaves":23,"minecraft:white_wool":72,"minecraft:dark_oak_trapdoor":3,"minecraft:sand":2,"minecraft:yellow_terracotta":2,"minecraft:light_blue_concrete":10,"minecraft:light_blue_wool":4,"minecraft:yellow_concrete":42,"minecraft:sponge":16,"minecraft:blackstone_wall":3,"minecraft:purple_terracotta":10,"minecraft:note_block":14,"minecraft:gray_concrete":184,"minecraft:lingering_potion":875,"minecraft:black_concrete_powder":14,"minecraft:birch_fence":2,"minecraft:redstone_torch":9,"minecraft:black_terracotta":21,"minecraft:lever":4,"minecraft:black_concrete":26,"minecraft:gray_stained_glass_pane":65,"minecraft:heavy_weighted_pressure_plate":1,"minecraft:light_gray_concrete":89,"minecraft:brown_wool":18,"minecraft:brown_stained_glass":253,"minecraft:barrier":174,"minecraft:stone_button":3,"minecraft:red_terracotta":12,"minecraft:polished_granite":1,"minecraft:cat_spawn_egg":11,"minecraft:polished_andesite_slab":1,"minecraft:soul_lantern":3,"minecraft:ocelot_spawn_egg":48,"minecraft:coal_block":15,"minecraft:fire_charge":13,"minecraft:diamond_sword":205,"minecraft:wooden_sword":987,"minecraft:light_blue_concrete_powder":1,"minecraft:andesite":9,"minecraft:piglin_spawn_egg":11,"minecraft:white_stained_glass":54,"minecraft:birch_log":20,"minecraft:chain":4,"minecraft:ice":29,"minecraft:mossy_cobblestone_wall":3,"minecraft:smooth_stone_slab":102,"minecraft:white_concrete":4,"minecraft:compass":1,"minecraft:coarse_dirt":4,"minecraft:gray_stained_glass":32,"minecraft:oak_fence":2,"minecraft:oak_trapdoor":15,"minecraft:orange_concrete_powder":1,"minecraft:netherite_sword":32,"minecraft:jungle_leaves":10,"minecraft:crimson_fence":2,"minecraft:acacia_log":1,"minecraft:orange_concrete":2,"minecraft:armor_stand":12,"minecraft:red_concrete":30,"minecraft:redstone":9,"minecraft:light_gray_carpet":2,"minecraft:silverfish_spawn_egg":2,"minecraft:stripped_warped_stem":10,"minecraft:spruce_planks":16,"minecraft:structure_block":32,"minecraft:end_stone_brick_wall":41,"minecraft:dirt":6,"minecraft:ancient_debris":1,"minecraft:prismarine_bricks":1,"minecraft:spruce_stairs":6,"minecraft:cobblestone_wall":16,"minecraft:nether_brick_slab":32,"minecraft:yellow_carpet":27,"minecraft:granite":1,"minecraft:warped_pressure_plate":1,"minecraft:light_blue_stained_glass":2,"minecraft:blue_concrete":2,"minecraft:nether_brick_stairs":59,"minecraft:oak_fence_gate":4,"minecraft:polished_diorite":1,"minecraft:andesite_wall":5,"minecraft:birch_door":13,"minecraft:brown_terracotta":39,"minecraft:dark_oak_planks":1,"minecraft:sea_lantern":176,"minecraft:light_gray_stained_glass":2,"minecraft:red_tulip":2,"minecraft:iron_block":7,"minecraft:brick_stairs":2,"minecraft:acacia_slab":2,"minecraft:smooth_quartz":7,"minecraft:crimson_planks":15,"minecraft:bamboo":2,"minecraft:barrel":1,"minecraft:yellow_concrete_powder":2,"minecraft:light_gray_wool":24,"minecraft:basalt":23,"minecraft:tripwire_hook":1,"minecraft:glowstone":733,"minecraft:lime_concrete":6,"minecraft:black_stained_glass":1,"minecraft:emerald_block":87,"minecraft:iron_trapdoor":57,"minecraft:magenta_terracotta":2,"minecraft:white_stained_glass_pane":57,"minecraft:cyan_concrete_powder":1,"minecraft:orange_terracotta":2,"minecraft:brain_coral_block":4,"minecraft:crimson_stem":17,"minecraft:water_bucket":61,"minecraft:warped_stem":95,"minecraft:nether_brick_wall":2,"minecraft:pink_tulip":1,"minecraft:cobblestone_stairs":9,"minecraft:tube_coral_block":18,"minecraft:sandstone_stairs":11,"minecraft:pink_glazed_terracotta":7,"minecraft:snow_block":1,"minecraft:birch_planks":4,"minecraft:polished_andesite":3,"minecraft:blue_wool":3,"minecraft:purple_glazed_terracotta":64,"minecraft:cut_sandstone":2,"minecraft:sheep_spawn_egg":1,"minecraft:chiseled_nether_bricks":1,"minecraft:cobblestone_slab":2,"minecraft:polished_blackstone_pressure_plate":1,"minecraft:diamond_block":86,"minecraft:music_disc_cat":1,"minecraft:terracotta":6,"minecraft:oak_slab":2,"minecraft:dark_prismarine_slab":3,"minecraft:birch_sign":3,"minecraft:campfire":1,"minecraft:light_gray_concrete_powder":83,"minecraft:brown_glazed_terracotta":4,"minecraft:endermite_spawn_egg":99,"minecraft:infested_stone_bricks":10,"minecraft:cake":1,"minecraft:warped_planks":14,"minecraft:cyan_stained_glass":45,"minecraft:bat_spawn_egg":8,"minecraft:oak_log":7,"minecraft:blue_stained_glass_pane":48,"minecraft:gray_terracotta":55,"minecraft:dark_prismarine":20,"minecraft:flower_pot":8,"minecraft:black_wool":1,"minecraft:command_block":38,"minecraft:oak_button":2,"minecraft:detector_rail":3,"minecraft:cyan_concrete":18,"minecraft:cracked_nether_bricks":2,"minecraft:spruce_trapdoor":8,"minecraft:yellow_wool":31,"minecraft:brown_stained_glass_pane":12,"minecraft:cobblestone":1,"minecraft:cyan_stained_glass_pane":19,"minecraft:red_concrete_powder":24,"minecraft:lapis_block":4,"minecraft:chain_command_block":3,"minecraft:sandstone_slab":3,"minecraft:repeating_command_block":6,"minecraft:polished_blackstone_button":6,"minecraft:sea_pickle":5,"minecraft:splash_potion":8443,"minecraft:gray_wool":29,"minecraft:brown_mushroom_block":16,"minecraft:jukebox":4,"minecraft:birch_stairs":3},"minecraft:picked_up":{"minecraft:light_blue_concrete":1,"minecraft:potion":3,"minecraft:crimson_fence":1,"minecraft:written_book":1,"minecraft:dark_oak_door":1,"minecraft:acacia_fence":1,"minecraft:brown_terracotta":1,"minecraft:torch":2,"minecraft:music_disc_pigstep":2,"minecraft:black_dye":1,"minecraft:quartz_block":1,"minecraft:cyan_terracotta":1,"minecraft:gray_concrete":1,"minecraft:stripped_birch_log":3,"minecraft:light_gray_concrete_powder":2,"minecraft:bow":1,"minecraft:sand":64,"minecraft:barrel":64,"minecraft:light_gray_concrete":5,"minecraft:bricks":2,"minecraft:allium":4,"minecraft:splash_potion":3,"minecraft:dragon_head":832,"minecraft:quartz_slab":1,"minecraft:player_head":1407,"minecraft:egg":6,"minecraft:music_disc_mellohi":1,"minecraft:white_dye":2,"minecraft:cookie":1,"minecraft:redstone":15,"minecraft:diamond_boots":2,"minecraft:yellow_dye":52,"minecraft:music_disc_stal":1,"minecraft:nether_brick_slab":2,"minecraft:painting":1,"minecraft:gray_wool":3,"minecraft:terracotta":1,"minecraft:black_wool":1,"minecraft:sunflower":3267}},"DataVersion":2567}