{"stats":{"minecraft:killed":{"minecraft:villager":22},"minecraft:mined":{"minecraft:acacia_fence":7},"minecraft:custom":{"minecraft:mob_kills":22,"minecraft:tune_noteblock":4,"minecraft:play_one_minute":1908075,"minecraft:leave_game":26,"minecraft:time_since_death":2415,"minecraft:climb_one_cm":10573,"minecraft:damage_resisted":1380,"minecraft:time_since_rest":2420,"minecraft:sprint_one_cm":1343604,"minecraft:damage_taken":14671,"minecraft:walk_one_cm":665868,"minecraft:drop":10,"minecraft:damage_dealt":7596,"minecraft:fly_one_cm":5030499,"minecraft:player_kills":12,"minecraft:crouch_one_cm":52210,"minecraft:deaths":17,"minecraft:sneak_time":32410,"minecraft:walk_under_water_one_cm":565,"minecraft:jump":11188,"minecraft:walk_on_water_one_cm":697,"minecraft:fall_one_cm":1231070},"minecraft:dropped":{"minecraft:quartz_bricks":1,"minecraft:oak_sign":1,"minecraft:red_stained_glass_pane":2,"minecraft:item_frame":1,"minecraft:green_dye":2,"minecraft:wooden_axe":1,"minecraft:smooth_quartz_slab":1,"minecraft:splash_potion":1},"minecraft:used":{"minecraft:quartz_bricks":9,"minecraft:oak_trapdoor":15,"minecraft:dark_oak_stairs":15,"minecraft:water_bucket":1,"minecraft:jungle_leaves":16,"minecraft:sandstone_stairs":9,"minecraft:cobblestone_stairs":79,"minecraft:pink_glazed_terracotta":1,"minecraft:flint_and_steel":2,"minecraft:light_gray_stained_glass_pane":2,"minecraft:snow_block":2,"minecraft:birch_planks":1,"minecraft:armor_stand":4,"minecraft:smooth_quartz_slab":1,"minecraft:stripped_birch_log":3,"minecraft:red_concrete":56,"minecraft:spruce_slab":29,"minecraft:oak_sign":5,"minecraft:carrot_on_a_stick":231,"minecraft:lime_wool":4,"minecraft:ladder":1,"minecraft:light_gray_carpet":4,"minecraft:andesite_slab":1,"minecraft:spruce_planks":20,"minecraft:sandstone":3,"minecraft:stone":83,"minecraft:cut_sandstone":1,"minecraft:brown_mushroom":4,"minecraft:redstone_block":3,"minecraft:cobblestone_slab":2,"minecraft:red_glazed_terracotta":1,"minecraft:grass":9,"minecraft:spruce_fence_gate":7,"minecraft:sandstone_wall":6,"minecraft:structure_block":2,"minecraft:farmland":2,"minecraft:debug_stick":14,"minecraft:green_terracotta":53,"minecraft:netherrack":3,"minecraft:gilded_blackstone":6,"minecraft:oak_leaves":66,"minecraft:spruce_leaves":4,"minecraft:diamond_block":10,"minecraft:rail":2,"minecraft:sand":45,"minecraft:ancient_debris":1,"minecraft:vine":5,"minecraft:cut_sandstone_slab":1,"minecraft:tnt":1,"minecraft:nether_bricks":11,"minecraft:jungle_planks":3,"minecraft:spruce_stairs":9,"minecraft:birch_sign":4,"minecraft:yellow_concrete":21,"minecraft:stone_stairs":31,"minecraft:nether_brick_slab":9,"minecraft:light_gray_glazed_terracotta":1,"minecraft:light_gray_concrete_powder":1,"minecraft:note_block":22,"minecraft:gray_concrete":28,"minecraft:spruce_fence":8,"minecraft:granite":7,"minecraft:warped_planks":39,"minecraft:nether_brick_stairs":29,"minecraft:cyan_stained_glass":1,"minecraft:oak_log":5,"minecraft:black_terracotta":63,"minecraft:gray_terracotta":12,"minecraft:brown_terracotta":3,"minecraft:flower_pot":1,"minecraft:lever":3,"minecraft:black_concrete":6,"minecraft:sea_lantern":13,"minecraft:cyan_terracotta":47,"minecraft:bricks":1,"minecraft:birch_slab":37,"minecraft:daylight_detector":8,"minecraft:command_block":29,"minecraft:stripped_jungle_log":4,"minecraft:light_gray_concrete":18,"minecraft:gray_stained_glass_pane":12,"minecraft:red_wool":7,"minecraft:stone_button":39,"minecraft:grass_block":36,"minecraft:string":4,"minecraft:brown_wool":5,"minecraft:spruce_button":3,"minecraft:barrier":3,"minecraft:smooth_sandstone":5,"minecraft:green_wool":5,"minecraft:jungle_stairs":1,"minecraft:cyan_concrete":12,"minecraft:stone_slab":33,"minecraft:spruce_trapdoor":16,"minecraft:gravel":3,"minecraft:stone_brick_stairs":5,"minecraft:item_frame":1,"minecraft:bamboo":1,"minecraft:birch_trapdoor":26,"minecraft:birch_button":17,"minecraft:tripwire_hook":7,"minecraft:coal_block":10,"minecraft:glowstone":43,"minecraft:wooden_sword":113,"minecraft:cobblestone":117,"minecraft:scaffolding":9,"minecraft:iron_trapdoor":5,"minecraft:dark_oak_fence":9,"minecraft:andesite_stairs":17,"minecraft:white_stained_glass":3,"minecraft:red_banner":10,"minecraft:andesite":30,"minecraft:grass_path":11,"minecraft:stripped_oak_log":3,"minecraft:coarse_dirt":65,"minecraft:splash_potion":37,"minecraft:brown_mushroom_block":27,"minecraft:horn_coral_fan":1,"minecraft:brown_concrete_powder":9,"minecraft:gray_stained_glass":14,"minecraft:lime_glazed_terracotta":1},"minecraft:picked_up":{"minecraft:wooden_axe":1,"minecraft:splash_potion":1,"minecraft:item_frame":1,"minecraft:green_dye":2},"minecraft:killed_by":{"minecraft:player":14}},"DataVersion":2567}