{"stats":{"minecraft:killed":{"minecraft:llama":1,"minecraft:villager":71},"minecraft:mined":{"minecraft:acacia_fence":3},"minecraft:custom":{"minecraft:mob_kills":72,"minecraft:open_barrel":3,"minecraft:play_one_minute":603146,"minecraft:interact_with_loom":1,"minecraft:leave_game":8,"minecraft:time_since_death":358693,"minecraft:climb_one_cm":44371,"minecraft:damage_resisted":1644,"minecraft:time_since_rest":358697,"minecraft:sprint_one_cm":1618152,"minecraft:damage_taken":2898,"minecraft:walk_one_cm":586926,"minecraft:drop":109,"minecraft:damage_dealt":17865,"minecraft:fly_one_cm":4913504,"minecraft:player_kills":5,"minecraft:open_chest":4,"minecraft:crouch_one_cm":54589,"minecraft:deaths":9,"minecraft:sneak_time":34409,"minecraft:jump":10302,"minecraft:walk_on_water_one_cm":87,"minecraft:fall_one_cm":338715,"minecraft:horse_one_cm":304},"minecraft:dropped":{"minecraft:polished_diorite":1,"minecraft:note_block":1,"minecraft:nether_brick_slab":67,"minecraft:bricks":4,"minecraft:purpur_block":64,"minecraft:birch_planks":1,"minecraft:smooth_stone_slab":2,"minecraft:brown_glazed_terracotta":192,"minecraft:black_terracotta":1,"minecraft:stone_slab":1,"minecraft:jungle_planks":1,"minecraft:light_gray_concrete":4,"minecraft:spruce_stairs":1,"minecraft:purpur_stairs":64,"minecraft:orange_wool":2,"minecraft:light_blue_concrete":1,"minecraft:nether_bricks":66,"minecraft:carrot_on_a_stick":1,"minecraft:shears":1,"minecraft:grass_block":1,"minecraft:infested_stone_bricks":1,"minecraft:coal_block":4,"minecraft:red_stained_glass_pane":1,"minecraft:item_frame":1,"minecraft:polished_andesite":1,"minecraft:cyan_terracotta":6,"minecraft:jungle_slab":1,"minecraft:gray_concrete":2,"minecraft:brown_concrete_powder":2,"minecraft:gray_wool":4,"minecraft:stone":1,"minecraft:brick_stairs":1,"minecraft:diorite":1,"minecraft:orange_terracotta":2,"minecraft:spruce_planks":2,"minecraft:jungle_stairs":1,"minecraft:quartz_block":64,"minecraft:quartz_stairs":1,"minecraft:smooth_quartz":68,"minecraft:yellow_glazed_terracotta":192,"minecraft:brown_terracotta":1,"minecraft:wooden_sword":1,"minecraft:stone_bricks":1,"minecraft:gray_concrete_powder":1,"minecraft:painting":2,"minecraft:black_concrete":2,"minecraft:green_concrete_powder":1,"minecraft:dark_prismarine":1,"minecraft:brick_slab":64,"minecraft:smooth_sandstone":3,"minecraft:dark_oak_planks":64,"minecraft:stone_brick_stairs":2,"minecraft:pink_glazed_terracotta":64,"minecraft:birch_log":64,"minecraft:light_gray_concrete_powder":4,"minecraft:white_wool":3,"minecraft:cyan_concrete_powder":1,"minecraft:lapis_block":1,"minecraft:brown_mushroom_block":2,"minecraft:quartz_slab":2,"minecraft:terracotta":1},"minecraft:picked_up":{"minecraft:item_frame":1,"minecraft:painting":2},"minecraft:used":{"minecraft:brain_coral_block":5,"minecraft:oak_trapdoor":2,"minecraft:quartz_bricks":4,"minecraft:purpur_block":10,"minecraft:diorite":16,"minecraft:pink_glazed_terracotta":15,"minecraft:birch_planks":30,"minecraft:smooth_quartz_slab":19,"minecraft:carrot_on_a_stick":716,"minecraft:polished_andesite":65,"minecraft:blackstone_stairs":109,"minecraft:birch_wood":2,"minecraft:andesite_slab":1,"minecraft:light_blue_terracotta":4,"minecraft:spruce_planks":3,"minecraft:sandstone":16,"minecraft:stone":25,"minecraft:blue_concrete_powder":2,"minecraft:quartz_stairs":50,"minecraft:smooth_quartz_stairs":44,"minecraft:white_wool":22,"minecraft:yellow_terracotta":2,"minecraft:purpur_stairs":1,"minecraft:ancient_debris":1,"minecraft:terracotta":11,"minecraft:light_blue_concrete":1,"minecraft:brown_glazed_terracotta":25,"minecraft:orange_wool":11,"minecraft:stone_brick_wall":2,"minecraft:light_gray_concrete_powder":34,"minecraft:brick_slab":30,"minecraft:spruce_stairs":1,"minecraft:jungle_planks":15,"minecraft:nether_bricks":47,"minecraft:jungle_slab":3,"minecraft:nether_brick_slab":22,"minecraft:gray_concrete":11,"minecraft:note_block":18,"minecraft:infested_stone_bricks":9,"minecraft:granite":17,"minecraft:spruce_log":2,"minecraft:nether_brick_stairs":1,"minecraft:polished_diorite":10,"minecraft:brown_terracotta":6,"minecraft:oak_log":10,"minecraft:dark_oak_planks":10,"minecraft:black_terracotta":91,"minecraft:black_concrete":41,"minecraft:sea_lantern":2,"minecraft:stone_brick_slab":18,"minecraft:cyan_terracotta":72,"minecraft:bricks":75,"minecraft:red_wool":6,"minecraft:quartz_slab":10,"minecraft:spruce_wood":1,"minecraft:light_gray_concrete":45,"minecraft:grass_block":15,"minecraft:smooth_sandstone":101,"minecraft:brown_wool":2,"minecraft:quartz_block":50,"minecraft:polished_granite":6,"minecraft:gray_concrete_powder":6,"minecraft:smooth_quartz":65,"minecraft:pink_wool":2,"minecraft:stone_brick_stairs":23,"minecraft:stone_bricks":13,"minecraft:yellow_wool":3,"minecraft:light_gray_wool":5,"minecraft:coal_block":85,"minecraft:wooden_sword":377,"minecraft:black_stained_glass":5,"minecraft:andesite":14,"minecraft:written_book":2,"minecraft:green_concrete_powder":2,"minecraft:chain":6,"minecraft:andesite_stairs":8,"minecraft:yellow_glazed_terracotta":35,"minecraft:cyan_concrete_powder":2,"minecraft:smooth_stone_slab":57,"minecraft:birch_log":25,"minecraft:orange_terracotta":13,"minecraft:gray_wool":36,"minecraft:brown_mushroom_block":27,"minecraft:splash_potion":30,"minecraft:brown_concrete_powder":5},"minecraft:killed_by":{"minecraft:player":9}},"DataVersion":2567}