{"stats":{"minecraft:dropped":{"minecraft:cookie":190,"minecraft:brain_coral_block":1,"minecraft:red_dye":1,"minecraft:wheat_seeds":315,"minecraft:music_disc_pigstep":1,"minecraft:shears":2,"minecraft:splash_potion":1},"minecraft:killed_by":{"minecraft:player":11},"minecraft:mined":{"minecraft:acacia_fence":32},"minecraft:used":{"minecraft:wooden_sword":364,"minecraft:carrot_on_a_stick":12,"minecraft:splash_potion":44},"minecraft:picked_up":{"minecraft:splash_potion":1,"minecraft:wheat_seeds":448,"minecraft:shears":2,"minecraft:red_dye":1,"minecraft:brain_coral_block":3,"minecraft:cookie":190,"minecraft:music_disc_pigstep":1},"minecraft:custom":{"minecraft:open_barrel":2,"minecraft:time_since_rest":36861,"minecraft:play_one_minute":425359,"minecraft:crouch_one_cm":87175,"minecraft:damage_taken":25851,"minecraft:sprint_one_cm":1537958,"minecraft:walk_one_cm":738729,"minecraft:deaths":11,"minecraft:bell_ring":41,"minecraft:sneak_time":43346,"minecraft:mob_kills":98,"minecraft:drop":14,"minecraft:jump":9204,"minecraft:damage_dealt":18621,"minecraft:leave_game":23,"minecraft:time_since_death":36857,"minecraft:walk_on_water_one_cm":697,"minecraft:climb_one_cm":4142,"minecraft:damage_resisted":1911,"minecraft:talked_to_villager":151,"minecraft:fall_one_cm":2484174,"minecraft:fly_one_cm":2360907,"minecraft:player_kills":4},"minecraft:killed":{"minecraft:villager":98}},"DataVersion":2567}