{"stats":{"minecraft:custom":{"minecraft:jump":97,"minecraft:time_since_rest":43236,"minecraft:crouch_one_cm":1703,"minecraft:play_one_minute":52954,"minecraft:leave_game":2,"minecraft:sprint_one_cm":14465,"minecraft:walk_one_cm":12663,"minecraft:time_since_death":43234,"minecraft:deaths":4,"minecraft:sneak_time":687,"minecraft:climb_one_cm":165,"minecraft:drop":1,"minecraft:fall_one_cm":422,"minecraft:fly_one_cm":100461},"minecraft:dropped":{"minecraft:player_head":64},"minecraft:used":{"minecraft:cyan_terracotta":1,"minecraft:light_gray_concrete":1,"minecraft:milk_bucket":2},"minecraft:picked_up":{"minecraft:player_head":64}},"DataVersion":2567}