{"stats":{"minecraft:killed":{"minecraft:villager":7},"minecraft:mined":{"minecraft:acacia_fence":23},"minecraft:custom":{"minecraft:time_since_rest":24001,"minecraft:sprint_one_cm":1460064,"minecraft:damage_taken":48616,"minecraft:walk_one_cm":445520,"minecraft:mob_kills":7,"minecraft:drop":50,"minecraft:damage_dealt":3290,"minecraft:swim_one_cm":732,"minecraft:talked_to_villager":1,"minecraft:fly_one_cm":2223529,"minecraft:player_kills":5,"minecraft:open_barrel":6,"minecraft:crouch_one_cm":58743,"minecraft:play_one_minute":428814,"minecraft:deaths":16,"minecraft:sneak_time":38178,"minecraft:walk_under_water_one_cm":496,"minecraft:jump":7748,"minecraft:leave_game":12,"minecraft:walk_on_water_one_cm":332,"minecraft:time_since_death":24000,"minecraft:climb_one_cm":18220,"minecraft:damage_resisted":1116,"minecraft:fall_one_cm":4472762},"minecraft:dropped":{"minecraft:gray_stained_glass_pane":1,"minecraft:player_head":12,"minecraft:glass_bottle":1,"minecraft:potion":14,"minecraft:wooden_sword":1,"minecraft:orange_stained_glass_pane":1,"minecraft:splash_potion":4,"minecraft:red_stained_glass_pane":16},"minecraft:used":{"minecraft:writable_book":1,"minecraft:carrot_on_a_stick":755,"minecraft:wooden_sword":87,"minecraft:potion":2,"minecraft:splash_potion":47},"minecraft:picked_up":{"minecraft:milk_bucket":1,"minecraft:splash_potion":20,"minecraft:potion":43,"minecraft:enchanted_book":1,"minecraft:brain_coral_block":5,"minecraft:barrel":64,"minecraft:item_frame":1,"minecraft:white_stained_glass":1,"minecraft:jigsaw":1,"minecraft:writable_book":1,"minecraft:painting":1,"minecraft:player_head":1487,"minecraft:egg":1},"minecraft:killed_by":{"minecraft:player":15}},"DataVersion":2567}