{"stats":{"minecraft:killed":{"minecraft:pig":1,"minecraft:elder_guardian":3,"minecraft:rabbit":3,"minecraft:squid":1,"minecraft:polar_bear":6,"minecraft:horse":1,"minecraft:guardian":2,"minecraft:pillager":3,"minecraft:bee":2,"minecraft:panda":1,"minecraft:fox":2,"minecraft:silverfish":3,"minecraft:villager":10},"minecraft:killed_by":{"minecraft:player":7},"minecraft:mined":{"minecraft:acacia_fence":19},"minecraft:picked_up":{"minecraft:stone":2,"minecraft:diamond_block":1},"minecraft:dropped":{"minecraft:diamond_block":1,"minecraft:stone":1},"minecraft:custom":{"minecraft:mob_kills":38,"minecraft:play_one_minute":714381,"minecraft:leave_game":11,"minecraft:time_since_death":15481,"minecraft:damage_resisted":1705,"minecraft:time_since_rest":15484,"minecraft:walk_one_cm":379360,"minecraft:sprint_one_cm":734023,"minecraft:damage_taken":11406,"minecraft:drop":2,"minecraft:damage_dealt":10331,"minecraft:swim_one_cm":399,"minecraft:fly_one_cm":4908893,"minecraft:player_kills":7,"minecraft:crouch_one_cm":21528,"minecraft:deaths":7,"minecraft:sneak_time":26210,"minecraft:walk_under_water_one_cm":1330,"minecraft:jump":4727,"minecraft:walk_on_water_one_cm":1552,"minecraft:fall_one_cm":932502},"minecraft:used":{"minecraft:brain_coral_block":4,"minecraft:water_bucket":1,"minecraft:blue_terracotta":34,"minecraft:snow_block":5,"minecraft:light_gray_stained_glass_pane":29,"minecraft:melon":5,"minecraft:birch_planks":1,"minecraft:red_concrete":7,"minecraft:polished_andesite":5,"minecraft:carrot_on_a_stick":7,"minecraft:light_blue_terracotta":67,"minecraft:white_concrete_powder":1,"minecraft:stone":47,"minecraft:blue_concrete_powder":17,"minecraft:quartz_stairs":4,"minecraft:clay":16,"minecraft:player_head":22,"minecraft:structure_block":142,"minecraft:debug_stick":77,"minecraft:diamond_block":11,"minecraft:sand":22,"minecraft:blue_stained_glass":10,"minecraft:yellow_concrete":5,"minecraft:light_gray_concrete_powder":4,"minecraft:sponge":10,"minecraft:acacia_button":3,"minecraft:gray_concrete":3,"minecraft:black_concrete_powder":1,"minecraft:end_stone":2,"minecraft:light_blue_stained_glass":2,"minecraft:cyan_stained_glass":7,"minecraft:fern":2,"minecraft:lever":1,"minecraft:oak_log":1,"minecraft:blue_stained_glass_pane":20,"minecraft:glass":1,"minecraft:green_concrete":1,"minecraft:dark_prismarine":5,"minecraft:brown_terracotta":5,"minecraft:flower_pot":2,"minecraft:packed_ice":2,"minecraft:sea_lantern":3,"minecraft:cyan_terracotta":1,"minecraft:light_gray_stained_glass":1,"minecraft:gray_stained_glass_pane":26,"minecraft:light_gray_concrete":13,"minecraft:grass_block":2,"minecraft:barrier":17,"minecraft:stone_button":3,"minecraft:green_wool":1,"minecraft:red_terracotta":2,"minecraft:dark_oak_slab":3,"minecraft:smooth_quartz":24,"minecraft:spruce_trapdoor":11,"minecraft:gray_concrete_powder":4,"minecraft:light_gray_wool":2,"minecraft:redstone_lamp":1,"minecraft:wooden_sword":14,"minecraft:diamond_sword":42,"minecraft:coal_block":7,"minecraft:red_carpet":4,"minecraft:snow":15,"minecraft:lime_concrete":38,"minecraft:brown_carpet":24,"minecraft:emerald_block":40,"minecraft:iron_trapdoor":9,"minecraft:white_stained_glass_pane":35,"minecraft:andesite":9,"minecraft:green_concrete_powder":1,"minecraft:sandstone_slab":1,"minecraft:gold_block":49,"minecraft:repeating_command_block":2,"minecraft:stone_pressure_plate":4,"minecraft:white_concrete":3,"minecraft:gray_wool":3,"minecraft:orange_terracotta":1,"minecraft:splash_potion":11,"minecraft:birch_stairs":1}},"DataVersion":2230}