{"stats":{"minecraft:used":{"minecraft:nether_brick_fence":20,"minecraft:netherite_sword":68,"minecraft:blue_terracotta":8,"minecraft:oak_sign":232,"minecraft:writable_book":1,"minecraft:iron_bars":18,"minecraft:mycelium":1,"minecraft:granite_stairs":8,"minecraft:crimson_fence":9,"minecraft:light_gray_stained_glass_pane":31,"minecraft:flint_and_steel":36,"minecraft:dispenser":3,"minecraft:light_gray_carpet":4,"minecraft:red_concrete":33,"minecraft:armor_stand":3,"minecraft:spruce_slab":5,"minecraft:redstone":35,"minecraft:carrot_on_a_stick":3107,"minecraft:ladder":5,"minecraft:bone_block":1,"minecraft:white_concrete_powder":7,"minecraft:spruce_planks":19,"minecraft:chest":4,"minecraft:white_terracotta":15,"minecraft:brown_concrete":1,"minecraft:stone":80,"minecraft:warped_sign":3,"minecraft:quartz_stairs":4,"minecraft:bell":1,"minecraft:polished_blackstone_wall":2,"minecraft:green_terracotta":202,"minecraft:player_head":207,"minecraft:netherrack":86,"minecraft:stripped_crimson_stem":3,"minecraft:end_stone_brick_wall":9,"minecraft:anvil":13,"minecraft:red_nether_brick_slab":20,"minecraft:soul_sand":17,"minecraft:target":2,"minecraft:warped_wart_block":2,"minecraft:ancient_debris":8,"minecraft:white_carpet":3,"minecraft:hopper":3,"minecraft:nether_quartz_ore":15,"minecraft:spruce_stairs":2,"minecraft:twisting_vines":1,"minecraft:nether_bricks":589,"minecraft:nether_brick_slab":30,"minecraft:orange_wool":16,"minecraft:music_disc_11":1,"minecraft:granite":2,"minecraft:blue_concrete":1,"minecraft:nether_brick_stairs":23,"minecraft:brown_terracotta":57,"minecraft:dark_oak_planks":4,"minecraft:sea_lantern":8,"minecraft:cyan_terracotta":50,"minecraft:chipped_anvil":7,"minecraft:bricks":2,"minecraft:quartz_pillar":2,"minecraft:villager_spawn_egg":3,"minecraft:music_disc_pigstep":2,"minecraft:quartz_slab":39,"minecraft:red_wool":51,"minecraft:smooth_sandstone":10,"minecraft:quartz_block":3,"minecraft:green_wool":62,"minecraft:wet_sponge":68,"minecraft:warped_nylium":3,"minecraft:dark_oak_slab":2,"minecraft:gray_concrete_powder":29,"minecraft:smooth_quartz":1,"minecraft:repeater":46,"minecraft:crimson_planks":3,"minecraft:stone_brick_stairs":31,"minecraft:barrel":169,"minecraft:red_stained_glass_pane":13,"minecraft:tripwire_hook":36,"minecraft:item_frame":6,"minecraft:bedrock":49,"minecraft:yellow_concrete_powder":9,"minecraft:light_gray_wool":165,"minecraft:glowstone":153,"minecraft:basalt":7,"minecraft:snow":7,"minecraft:redstone_lamp":19,"minecraft:bow":13,"minecraft:magma_block":1,"minecraft:black_stained_glass":1,"minecraft:emerald_block":2,"minecraft:scaffolding":7,"minecraft:written_book":21,"minecraft:soul_soil":4,"minecraft:furnace":9,"minecraft:white_stained_glass_pane":27,"minecraft:acacia_fence":51,"minecraft:gold_block":226,"minecraft:cyan_concrete_powder":70,"minecraft:egg":3,"minecraft:stone_pressure_plate":5,"minecraft:orange_terracotta":45,"minecraft:polished_blackstone_stairs":1,"minecraft:brown_concrete_powder":36,"minecraft:crimson_stem":10,"minecraft:brain_coral_block":16,"minecraft:light_blue_carpet":2,"minecraft:quartz_bricks":8,"minecraft:water_bucket":1,"minecraft:warped_stem":17,"minecraft:end_rod":6,"minecraft:nether_brick_wall":2,"minecraft:jigsaw":1,"minecraft:pink_glazed_terracotta":23,"minecraft:snow_block":2,"minecraft:gray_carpet":4,"minecraft:polished_andesite":75,"minecraft:oak_planks":11,"minecraft:red_nether_bricks":11,"minecraft:blue_wool":29,"minecraft:redstone_block":265,"minecraft:blue_concrete_powder":25,"minecraft:magenta_stained_glass":3,"minecraft:parrot_spawn_egg":12,"minecraft:sheep_spawn_egg":3,"minecraft:gold_ore":1,"minecraft:gilded_blackstone":4,"minecraft:white_wool":50,"minecraft:respawn_anchor":11,"minecraft:diamond_block":22,"minecraft:light_blue_concrete":118,"minecraft:yellow_terracotta":3,"minecraft:terracotta":7,"minecraft:tnt":11,"minecraft:comparator":2,"minecraft:crafting_table":51,"minecraft:oak_slab":3,"minecraft:light_gray_terracotta":1,"minecraft:yellow_concrete":2,"minecraft:crossbow":3,"minecraft:sponge":71,"minecraft:gray_concrete":77,"minecraft:light_gray_concrete_powder":50,"minecraft:note_block":14,"minecraft:lingering_potion":4,"minecraft:painting":69,"minecraft:brown_glazed_terracotta":7,"minecraft:black_concrete_powder":9,"minecraft:spruce_log":2,"minecraft:smoker":3,"minecraft:warped_planks":1,"minecraft:cyan_stained_glass":10,"minecraft:nether_gold_ore":67,"minecraft:oak_log":2,"minecraft:redstone_torch":7,"minecraft:purple_stained_glass":2,"minecraft:black_terracotta":10,"minecraft:gray_terracotta":3,"minecraft:piston":4,"minecraft:netherite_block":10,"minecraft:lever":15,"minecraft:flower_pot":9,"minecraft:black_wool":1,"minecraft:black_concrete":156,"minecraft:daylight_detector":28,"minecraft:crying_obsidian":6,"minecraft:gray_stained_glass_pane":31,"minecraft:command_block":169,"minecraft:light_gray_concrete":189,"minecraft:map":2,"minecraft:barrier":72,"minecraft:stone_button":143,"minecraft:brown_stained_glass":8,"minecraft:oak_button":6,"minecraft:spruce_pressure_plate":1,"minecraft:jungle_stairs":5,"minecraft:cyan_concrete":21,"minecraft:stone_slab":221,"minecraft:purpur_slab":7,"minecraft:iron_door":4,"minecraft:crimson_nylium":3,"minecraft:soul_lantern":7,"minecraft:yellow_wool":1,"minecraft:coal_block":82,"minecraft:green_carpet":1,"minecraft:cobblestone":1,"minecraft:nether_wart_block":3,"minecraft:fishing_rod":133,"minecraft:diamond_sword":7,"minecraft:wooden_sword":801,"minecraft:light_blue_concrete_powder":269,"minecraft:potion":1,"minecraft:cyan_stained_glass_pane":35,"minecraft:red_concrete_powder":5,"minecraft:andesite_stairs":11,"minecraft:grindstone":12,"minecraft:chain":3,"minecraft:green_concrete_powder":1,"minecraft:white_stained_glass":33,"minecraft:birch_log":1,"minecraft:chain_command_block":6,"minecraft:stripped_oak_log":4,"minecraft:smooth_stone_slab":753,"minecraft:white_concrete":151,"minecraft:splash_potion":426,"minecraft:brown_mushroom_block":23,"minecraft:jukebox":21,"minecraft:birch_stairs":3,"minecraft:gray_stained_glass":5},"minecraft:dropped":{"minecraft:crimson_stem":1,"minecraft:wheat_seeds":448,"minecraft:gray_stained_glass_pane":134,"minecraft:creeper_spawn_egg":128,"minecraft:cookie":128,"minecraft:barrier":1,"minecraft:blue_concrete_powder":1,"minecraft:command_block":65,"minecraft:light_blue_concrete_powder":2,"minecraft:carrot_on_a_stick":11,"minecraft:gray_concrete":1,"minecraft:blue_dye":40,"minecraft:milk_bucket":1,"minecraft:yellow_dye":579,"minecraft:repeater":3,"minecraft:wooden_axe":3,"minecraft:white_concrete":1,"minecraft:potion":74,"minecraft:wooden_sword":4,"minecraft:writable_book":1,"minecraft:crimson_fence":1,"minecraft:sunflower":1,"minecraft:sand":135,"minecraft:smooth_sandstone":1,"minecraft:pink_glazed_terracotta":3,"minecraft:jigsaw":3,"minecraft:redstone_block":1,"minecraft:green_wool":1,"minecraft:redstone":2,"minecraft:brain_coral_fan":1,"minecraft:anvil":1,"minecraft:brown_dye":16,"minecraft:green_terracotta":2,"minecraft:dragon_head":1536,"minecraft:player_head":1389,"minecraft:cocoa_beans":67,"minecraft:smooth_stone_slab":3,"minecraft:netherite_sword":3,"minecraft:cyan_stained_glass_pane":66,"minecraft:stone_slab":1,"minecraft:nether_brick_fence":1,"minecraft:light_blue_concrete":1,"minecraft:nether_bricks":6,"minecraft:oak_sign":8,"minecraft:shears":3,"minecraft:flint_and_steel":2,"minecraft:leather_chestplate":2,"minecraft:brain_coral_block":68,"minecraft:stone":4,"minecraft:jungle_stairs":1,"minecraft:leather_boots":2,"minecraft:ladder":1,"minecraft:leather_leggings":1,"minecraft:barrel":193,"minecraft:bamboo":1106,"minecraft:white_dye":334,"minecraft:sandstone":64,"minecraft:basalt":1,"minecraft:red_sand":64,"minecraft:bell":2,"minecraft:brown_stained_glass":1,"minecraft:acacia_fence":1,"minecraft:written_book":2,"minecraft:white_stained_glass":1,"minecraft:light_gray_concrete_powder":1,"minecraft:splash_potion":36,"minecraft:cyan_concrete_powder":1,"minecraft:quartz_slab":1},"minecraft:killed":{"minecraft:panda":8,"minecraft:parrot":20,"minecraft:sheep":2,"minecraft:villager":155},"minecraft:picked_up":{"minecraft:cocoa_beans":28,"minecraft:splash_potion":20,"minecraft:potion":44,"minecraft:brain_coral_block":3,"minecraft:dragon_head":704,"minecraft:comparator":64,"minecraft:respawn_anchor":1,"minecraft:netherite_sword":3,"minecraft:written_book":1,"minecraft:player_head":2445,"minecraft:coal_block":765,"minecraft:egg":3,"minecraft:white_dye":40,"minecraft:cookie":127,"minecraft:music_disc_11":2,"minecraft:music_disc_pigstep":1,"minecraft:yellow_concrete_powder":6,"minecraft:brown_dye":16,"minecraft:pink_glazed_terracotta":1,"minecraft:shears":3,"minecraft:blue_dye":6,"minecraft:glowstone":1,"minecraft:wet_sponge":5451,"minecraft:sponge":634,"minecraft:carrot_on_a_stick":12,"minecraft:yellow_dye":398,"minecraft:twisting_vines":5,"minecraft:jigsaw":1,"minecraft:wheat_seeds":315,"minecraft:creeper_spawn_egg":128,"minecraft:bell":1,"minecraft:bamboo":94,"minecraft:book":1,"minecraft:brain_coral_fan":1,"minecraft:sand":276,"minecraft:barrel":1,"minecraft:writable_book":1,"minecraft:bone_meal":576},"minecraft:crafted":{"minecraft:leather_leggings":5,"minecraft:leather_boots":6,"minecraft:leather_chestplate":7},"minecraft:killed_by":{"minecraft:player":30},"minecraft:mined":{"minecraft:acacia_fence":35},"minecraft:custom":{"minecraft:mob_kills":190,"minecraft:interact_with_anvil":43,"minecraft:inspect_hopper":8,"minecraft:interact_with_crafting_table":15,"minecraft:open_barrel":234,"minecraft:leave_game":71,"minecraft:time_since_death":441193,"minecraft:climb_one_cm":25332,"minecraft:damage_resisted":66490,"minecraft:sprint_one_cm":4613466,"minecraft:walk_one_cm":4456121,"minecraft:drop":1556,"minecraft:talked_to_villager":472,"minecraft:deaths":40,"minecraft:sneak_time":123552,"minecraft:walk_under_water_one_cm":374,"minecraft:jump":31402,"minecraft:walk_on_water_one_cm":3708,"minecraft:interact_with_furnace":24,"minecraft:play_record":3,"minecraft:tune_noteblock":2,"minecraft:play_one_minute":3541736,"minecraft:interact_with_loom":35,"minecraft:pot_flower":1,"minecraft:interact_with_grindstone":1,"minecraft:time_since_rest":441198,"minecraft:damage_taken":19113,"minecraft:minecart_one_cm":230,"minecraft:damage_dealt":45750,"minecraft:swim_one_cm":388,"minecraft:fly_one_cm":16368081,"minecraft:player_kills":29,"minecraft:open_chest":18,"minecraft:crouch_one_cm":224289,"minecraft:interact_with_smoker":18,"minecraft:fall_one_cm":552209,"minecraft:inspect_dispenser":2,"minecraft:horse_one_cm":4358}},"DataVersion":2567}