{"stats":{"minecraft:dropped":{"minecraft:blue_stained_glass_pane":3,"minecraft:black_dye":65,"minecraft:oak_log":1,"minecraft:light_gray_stained_glass_pane":2,"minecraft:crossbow":1,"minecraft:acacia_log":1,"minecraft:carrot_on_a_stick":29,"minecraft:wooden_sword":3,"minecraft:sunflower":3,"minecraft:red_dye":1,"minecraft:iron_pickaxe":1,"minecraft:fishing_rod":1,"minecraft:green_stained_glass_pane":7,"minecraft:bone":1,"minecraft:dark_oak_door":1,"minecraft:player_head":194,"minecraft:netherite_sword":4,"minecraft:brown_stained_glass_pane":1,"minecraft:cyan_stained_glass_pane":16,"minecraft:name_tag":65,"minecraft:totem_of_undying":1,"minecraft:carrot":1,"minecraft:red_stained_glass_pane":25,"minecraft:yellow_stained_glass_pane":10,"minecraft:brain_coral_block":5,"minecraft:spruce_planks":3,"minecraft:glowstone":192,"minecraft:redstone_torch":1,"minecraft:painting":1,"minecraft:white_dye":11,"minecraft:stone_pickaxe":1,"minecraft:orange_stained_glass_pane":3,"minecraft:bell":1,"minecraft:purple_stained_glass_pane":3},"minecraft:picked_up":{"minecraft:cocoa_beans":3,"minecraft:brain_coral_block":11,"minecraft:wooden_sword":6,"minecraft:brown_stained_glass_pane":1,"minecraft:red_sand":1,"minecraft:netherite_sword":3,"minecraft:spruce_planks":3,"minecraft:red_dye":3,"minecraft:player_head":277,"minecraft:iron_pickaxe":1,"minecraft:coal_block":64,"minecraft:egg":5,"minecraft:stone":2,"minecraft:crimson_pressure_plate":64,"minecraft:acacia_log":1,"minecraft:music_disc_mellohi":2,"minecraft:white_dye":83,"minecraft:music_disc_11":2,"minecraft:music_disc_pigstep":1,"minecraft:carrot":1,"minecraft:black_dye":65,"minecraft:blue_dye":1,"minecraft:glowstone":192,"minecraft:lime_concrete_powder":2,"minecraft:wet_sponge":28,"minecraft:sponge":9,"minecraft:yellow_dye":65,"minecraft:carrot_on_a_stick":2,"minecraft:oak_log":1,"minecraft:gunpowder":2,"minecraft:dirt":1,"minecraft:stone_pickaxe":1,"minecraft:bamboo":83,"minecraft:sand":64,"minecraft:painting":1,"minecraft:bone_meal":1,"minecraft:ender_pearl":9,"minecraft:sunflower":64},"minecraft:killed_by":{"minecraft:player":32},"minecraft:custom":{"minecraft:mob_kills":686,"minecraft:interact_with_anvil":20,"minecraft:inspect_hopper":24,"minecraft:open_barrel":56,"minecraft:bell_ring":515,"minecraft:leave_game":117,"minecraft:time_since_death":260096,"minecraft:climb_one_cm":28644,"minecraft:damage_resisted":1511,"minecraft:sprint_one_cm":6660319,"minecraft:walk_one_cm":5030557,"minecraft:drop":212,"minecraft:talked_to_villager":194,"minecraft:strider_one_cm":237914,"minecraft:play_time":6578859,"minecraft:deaths":50,"minecraft:sneak_time":293664,"minecraft:walk_under_water_one_cm":3561,"minecraft:jump":34915,"minecraft:interact_with_blast_furnace":1,"minecraft:walk_on_water_one_cm":7859,"minecraft:total_world_time":959644,"minecraft:interact_with_furnace":27,"minecraft:play_record":6,"minecraft:tune_noteblock":4,"minecraft:interact_with_loom":2,"minecraft:pot_flower":1,"minecraft:interact_with_grindstone":7,"minecraft:time_since_rest":260096,"minecraft:damage_taken":22966,"minecraft:minecart_one_cm":209738,"minecraft:damage_dealt":145605,"minecraft:fly_one_cm":37147377,"minecraft:player_kills":43,"minecraft:open_chest":16,"minecraft:crouch_one_cm":337353,"minecraft:aviate_one_cm":936,"minecraft:interact_with_smoker":2,"minecraft:fall_one_cm":1559904,"minecraft:horse_one_cm":11122},"minecraft:crafted":{"minecraft:cooked_cod":1,"minecraft:air":0},"minecraft:used":{"minecraft:oak_fence":8,"minecraft:oak_trapdoor":27,"minecraft:nether_brick_fence":5,"minecraft:light_blue_stained_glass_pane":8,"minecraft:netherite_sword":92,"minecraft:iron_bars":2,"minecraft:granite_stairs":5,"minecraft:polished_deepslate":1,"minecraft:orange_concrete":13,"minecraft:light_gray_stained_glass_pane":34,"minecraft:red_concrete":11,"minecraft:smooth_quartz_slab":769,"minecraft:armor_stand":9,"minecraft:spruce_slab":2,"minecraft:redstone":14,"minecraft:carrot_on_a_stick":5544,"minecraft:oak_sign":41,"minecraft:bone_block":2,"minecraft:white_concrete_powder":63,"minecraft:spruce_planks":5,"minecraft:chest":6,"minecraft:stone":57,"minecraft:creeper_head":2,"minecraft:bell":5,"minecraft:quartz_stairs":683,"minecraft:player_head":57,"minecraft:debug_stick":992,"minecraft:spruce_leaves":1,"minecraft:orange_stained_glass":2,"minecraft:torch":99,"minecraft:anvil":6,"minecraft:end_stone_brick_wall":11,"minecraft:soul_sand":18,"minecraft:dirt":1,"minecraft:warped_wart_block":6,"minecraft:red_nether_brick_slab":28,"minecraft:hopper":13,"minecraft:blue_stained_glass":41,"minecraft:brick_slab":6,"minecraft:spruce_stairs":4,"minecraft:nether_bricks":202,"minecraft:furnace_minecart":5,"minecraft:bee_nest":3,"minecraft:nether_brick_slab":141,"minecraft:pink_terracotta":1,"minecraft:acacia_button":3,"minecraft:music_disc_11":2,"minecraft:spruce_fence":2,"minecraft:blue_concrete":10,"minecraft:nether_brick_stairs":71,"minecraft:polished_diorite":5,"minecraft:wandering_trader_spawn_egg":3,"minecraft:music_disc_mellohi":3,"minecraft:glass":1611,"minecraft:packed_ice":1,"minecraft:honey_block":1,"minecraft:sea_lantern":79,"minecraft:cyan_terracotta":24,"minecraft:quartz_slab":3,"minecraft:villager_spawn_egg":16,"minecraft:music_disc_pigstep":1,"minecraft:red_wool":3,"minecraft:yellow_stained_glass":1,"minecraft:iron_block":16,"minecraft:grass_block":22,"minecraft:oak_stairs":3,"minecraft:quartz_block":71,"minecraft:wet_sponge":1,"minecraft:dark_oak_slab":7,"minecraft:gray_concrete_powder":4,"minecraft:smooth_quartz":1,"minecraft:dark_oak_button":1,"minecraft:crimson_planks":1,"minecraft:stone_brick_stairs":5,"minecraft:barrel":5,"minecraft:repeater":1,"minecraft:item_frame":1,"minecraft:yellow_concrete_powder":3,"minecraft:red_stained_glass_pane":4,"minecraft:light_gray_wool":8,"minecraft:warped_stairs":6,"minecraft:tripwire_hook":1,"minecraft:glowstone":822,"minecraft:redstone_lamp":2,"minecraft:lime_concrete":3,"minecraft:magma_block":4,"minecraft:snow":8,"minecraft:black_stained_glass":17,"minecraft:tall_grass":1,"minecraft:magenta_terracotta":2,"minecraft:iron_trapdoor":8,"minecraft:soul_soil":5,"minecraft:furnace":20,"minecraft:white_stained_glass_pane":14,"minecraft:drowned_spawn_egg":1,"minecraft:minecart":26,"minecraft:gold_block":39,"minecraft:egg":2,"minecraft:orange_terracotta":2,"minecraft:observer":5,"minecraft:turtle_egg":9,"minecraft:brown_concrete_powder":1,"minecraft:crimson_stem":5,"minecraft:brain_coral_block":15,"minecraft:calcite":3,"minecraft:water_bucket":4,"minecraft:quartz_bricks":3,"minecraft:chiseled_polished_blackstone":1,"minecraft:dark_oak_stairs":3,"minecraft:mossy_stone_bricks":19,"minecraft:end_rod":4,"minecraft:nether_brick_wall":9,"minecraft:pink_glazed_terracotta":1,"minecraft:warped_fungus_on_a_stick":28,"minecraft:stripped_birch_log":1,"minecraft:red_stained_glass":12,"minecraft:powered_rail":6,"minecraft:blackstone_stairs":10,"minecraft:oak_planks":3,"minecraft:polished_diorite_slab":2,"minecraft:redstone_block":20,"minecraft:parrot_spawn_egg":1,"minecraft:glow_ink_sac":1,"minecraft:blue_bed":1,"minecraft:vindicator_spawn_egg":1,"minecraft:smooth_quartz_stairs":2550,"minecraft:white_wool":21,"minecraft:dark_oak_trapdoor":4,"minecraft:diamond_block":2,"minecraft:sand":8,"minecraft:rail":3024,"minecraft:tnt":1,"minecraft:strider_spawn_egg":2,"minecraft:birch_sign":1,"minecraft:blast_furnace":4,"minecraft:yellow_stained_glass_pane":1,"minecraft:yellow_concrete":20,"minecraft:crossbow":1,"minecraft:sponge":6,"minecraft:gray_concrete":6,"minecraft:light_gray_concrete_powder":31,"minecraft:dark_oak_fence_gate":1,"minecraft:lingering_potion":37,"minecraft:painting":21,"minecraft:brown_glazed_terracotta":27,"minecraft:black_concrete_powder":2,"minecraft:smoker":1,"minecraft:warped_planks":3,"minecraft:dark_oak_door":1,"minecraft:crimson_fence_gate":1,"minecraft:cyan_stained_glass":30,"minecraft:flower_pot":5,"minecraft:creeper_spawn_egg":29,"minecraft:redstone_torch":2,"minecraft:oak_log":6,"minecraft:sticky_piston":1,"minecraft:black_terracotta":1,"minecraft:blue_stained_glass_pane":38,"minecraft:gray_terracotta":1,"minecraft:enderman_spawn_egg":24,"minecraft:netherite_block":43,"minecraft:lever":9,"minecraft:green_concrete":18,"minecraft:black_wool":1,"minecraft:light":185,"minecraft:black_concrete":70,"minecraft:activator_rail":93,"minecraft:daylight_detector":1,"minecraft:birch_fence_gate":1,"minecraft:acacia_door":3,"minecraft:dark_oak_log":1,"minecraft:gray_stained_glass_pane":17,"minecraft:command_block":28,"minecraft:light_gray_concrete":18,"minecraft:barrier":13,"minecraft:string":3,"minecraft:brown_stained_glass":91,"minecraft:stone_button":7,"minecraft:detector_rail":3,"minecraft:cyan_concrete":8,"minecraft:stone_slab":3,"minecraft:red_terracotta":57,"minecraft:purpur_slab":1,"minecraft:spruce_trapdoor":3,"minecraft:deepslate":4,"minecraft:cat_spawn_egg":20,"minecraft:soul_lantern":3,"minecraft:evoker_spawn_egg":2,"minecraft:ocelot_spawn_egg":4,"minecraft:brown_stained_glass_pane":7,"minecraft:diamond_sword":128,"minecraft:wooden_sword":2530,"minecraft:light_blue_concrete_powder":1,"minecraft:andesite":95,"minecraft:cyan_stained_glass_pane":1,"minecraft:grindstone":14,"minecraft:smithing_table":2,"minecraft:lapis_block":1,"minecraft:chain":1,"minecraft:birch_log":19,"minecraft:sandstone_slab":1,"minecraft:glass_pane":40,"minecraft:white_concrete":25,"minecraft:compass":1,"minecraft:gray_wool":1,"minecraft:gray_stained_glass":2,"minecraft:jukebox":8,"minecraft:splash_potion":185,"minecraft:pillager_spawn_egg":1},"minecraft:mined":{"minecraft:acacia_fence":10},"minecraft:killed":{"minecraft:evoker":1,"minecraft:vex":7,"minecraft:zombified_piglin":3,"minecraft:llama":8,"minecraft:cat":9,"minecraft:wandering_trader":3,"minecraft:creeper":14,"minecraft:villager":607,"minecraft:enderman":1}},"DataVersion":2724}