{"stats":{"minecraft:used":{"minecraft:carrot_on_a_stick":21,"minecraft:wooden_sword":89,"minecraft:splash_potion":13},"minecraft:killed":{"minecraft:villager":29},"minecraft:killed_by":{"minecraft:player":4},"minecraft:mined":{"minecraft:acacia_fence":5},"minecraft:custom":{"minecraft:jump":1690,"minecraft:leave_game":1,"minecraft:time_since_rest":53631,"minecraft:damage_dealt":4932,"minecraft:crouch_one_cm":8692,"minecraft:play_one_minute":129627,"minecraft:deaths":4,"minecraft:sprint_one_cm":544996,"minecraft:damage_taken":4116,"minecraft:time_since_death":53629,"minecraft:walk_one_cm":133669,"minecraft:sneak_time":5980,"minecraft:climb_one_cm":7063,"minecraft:damage_resisted":60,"minecraft:mob_kills":29,"minecraft:fall_one_cm":376829,"minecraft:fly_one_cm":450521,"minecraft:player_kills":4}},"DataVersion":2567}