{"stats":{"minecraft:dropped":{"minecraft:orange_dye":1,"minecraft:quartz_pillar":1,"minecraft:carrot_on_a_stick":7,"minecraft:netherite_scrap":1,"minecraft:wooden_sword":1,"minecraft:bone_meal":1,"minecraft:magenta_stained_glass":1,"minecraft:compass":1,"minecraft:white_dye":3,"minecraft:splash_potion":1,"minecraft:black_dye":1,"minecraft:yellow_concrete":1,"minecraft:book":1,"minecraft:blue_dye":4,"minecraft:yellow_glazed_terracotta":1,"minecraft:map":1,"minecraft:red_dye":2,"minecraft:smooth_sandstone":1,"minecraft:debug_stick":1,"minecraft:shears":4,"minecraft:filled_map":1,"minecraft:quartz_stairs":1},"minecraft:used":{"minecraft:peony":7,"minecraft:nether_brick_fence":23,"minecraft:light_blue_stained_glass_pane":28,"minecraft:blue_terracotta":4,"minecraft:light_gray_stained_glass_pane":469,"minecraft:smooth_quartz_slab":220,"minecraft:bone_block":1,"minecraft:carrot_on_a_stick":3353,"minecraft:spruce_slab":83,"minecraft:polished_blackstone":16,"minecraft:diamond_hoe":1,"minecraft:ladder":3,"minecraft:oak_sign":96,"minecraft:polished_basalt":2,"minecraft:white_concrete_powder":27,"minecraft:white_terracotta":27,"minecraft:stone":134,"minecraft:brown_concrete":14,"minecraft:warped_sign":1,"minecraft:quartz_stairs":321,"minecraft:grass":5,"minecraft:player_head":36,"minecraft:smooth_sandstone_stairs":14,"minecraft:stripped_crimson_stem":2,"minecraft:green_terracotta":322,"minecraft:spruce_leaves":38,"minecraft:debug_stick":253,"minecraft:cocoa_beans":1,"minecraft:blue_stained_glass":13,"minecraft:brick_slab":41,"minecraft:orange_glazed_terracotta":4,"minecraft:nether_bricks":328,"minecraft:jungle_slab":29,"minecraft:orange_wool":24,"minecraft:acacia_button":2,"minecraft:cyan_wool":13,"minecraft:weeping_vines":28,"minecraft:milk_bucket":6,"minecraft:polished_blackstone_slab":34,"minecraft:glass":27,"minecraft:packed_ice":1,"minecraft:honey_block":4,"minecraft:cyan_terracotta":769,"minecraft:bricks":391,"minecraft:quartz_pillar":29,"minecraft:red_wool":78,"minecraft:quartz_slab":250,"minecraft:black_stained_glass_pane":2,"minecraft:grass_block":101,"minecraft:polished_andesite_stairs":6,"minecraft:green_wool":99,"minecraft:quartz_block":21,"minecraft:polished_blackstone_brick_wall":9,"minecraft:dark_oak_slab":76,"minecraft:mossy_cobblestone_slab":1,"minecraft:gray_concrete_powder":414,"minecraft:diorite_wall":18,"minecraft:stone_bricks":1,"minecraft:stone_brick_stairs":172,"minecraft:item_frame":2,"minecraft:repeater":3,"minecraft:birch_button":1,"minecraft:birch_trapdoor":18,"minecraft:red_stained_glass_pane":7,"minecraft:redstone_lamp":1,"minecraft:brown_carpet":11,"minecraft:magma_block":1,"minecraft:snow":21,"minecraft:hay_block":1,"minecraft:yellow_glazed_terracotta":9,"minecraft:acacia_fence":8,"minecraft:polished_diorite_stairs":2,"minecraft:gold_block":140,"minecraft:skeleton_skull":1,"minecraft:gray_banner":2,"minecraft:pink_concrete_powder":3,"minecraft:dragon_head":8,"minecraft:brown_concrete_powder":178,"minecraft:polished_blackstone_stairs":2,"minecraft:large_fern":19,"minecraft:magenta_shulker_box":2,"minecraft:dark_oak_stairs":99,"minecraft:diorite":24,"minecraft:end_rod":23,"minecraft:warped_fungus_on_a_stick":80,"minecraft:spruce_door":1,"minecraft:dropper":1,"minecraft:stripped_birch_log":138,"minecraft:gray_carpet":29,"minecraft:dark_oak_sign":7,"minecraft:jungle_fence":50,"minecraft:oak_planks":36,"minecraft:birch_wood":13,"minecraft:cactus":1,"minecraft:polished_diorite_slab":85,"minecraft:blackstone":6,"minecraft:lime_concrete_powder":18,"minecraft:mossy_stone_brick_stairs":1,"minecraft:sandstone":91,"minecraft:black_glazed_terracotta":1,"minecraft:redstone_block":17,"minecraft:parrot_spawn_egg":1,"minecraft:clay":56,"minecraft:sugar_cane":3,"minecraft:oak_leaves":60,"minecraft:smooth_quartz_stairs":2,"minecraft:white_wool":68,"minecraft:respawn_anchor":1,"minecraft:sand":8,"minecraft:purpur_stairs":11,"minecraft:yellow_terracotta":10,"minecraft:light_blue_concrete":132,"minecraft:loom":1,"minecraft:light_blue_wool":40,"minecraft:black_banner":2,"minecraft:light_gray_terracotta":16,"minecraft:yellow_concrete":9,"minecraft:blue_ice":19,"minecraft:sponge":50,"minecraft:blackstone_wall":4,"minecraft:note_block":10,"minecraft:stone_brick_wall":26,"minecraft:gray_concrete":341,"minecraft:black_concrete_powder":40,"minecraft:end_stone":2,"minecraft:crimson_fence_gate":1,"minecraft:creeper_spawn_egg":1,"minecraft:redstone_torch":3,"minecraft:black_terracotta":62,"minecraft:sticky_piston":6,"minecraft:lever":26,"minecraft:green_concrete":2,"minecraft:black_concrete":138,"minecraft:crying_obsidian":7,"minecraft:daylight_detector":39,"minecraft:acacia_door":1,"minecraft:dark_oak_log":3,"minecraft:gray_stained_glass_pane":67,"minecraft:birch_slab":5,"minecraft:light_gray_concrete":686,"minecraft:heavy_weighted_pressure_plate":1,"minecraft:brown_wool":15,"minecraft:brown_stained_glass":34,"minecraft:barrier":13,"minecraft:warped_slab":1,"minecraft:stone_button":23,"minecraft:lectern":1,"minecraft:red_terracotta":41,"minecraft:iron_door":12,"minecraft:gravel":17,"minecraft:polished_andesite_slab":64,"minecraft:soul_lantern":1,"minecraft:diamond_sword":5,"minecraft:coal_block":807,"minecraft:wooden_sword":1132,"minecraft:light_blue_concrete_powder":2,"minecraft:grindstone":7,"minecraft:dark_oak_fence":11,"minecraft:andesite":45,"minecraft:piglin_spawn_egg":1,"minecraft:white_stained_glass":217,"minecraft:green_concrete_powder":8,"minecraft:birch_log":4,"minecraft:chain":3,"minecraft:mossy_cobblestone_wall":5,"minecraft:smooth_stone_slab":426,"minecraft:white_concrete":10,"minecraft:coarse_dirt":14,"minecraft:cobweb":4,"minecraft:gray_stained_glass":164,"minecraft:oak_trapdoor":14,"minecraft:purpur_block":2,"minecraft:netherite_sword":9,"minecraft:jungle_leaves":71,"minecraft:rose_bush":4,"minecraft:iron_bars":15,"minecraft:granite_stairs":4,"minecraft:crimson_fence":3,"minecraft:orange_concrete":20,"minecraft:armor_stand":1,"minecraft:red_concrete":224,"minecraft:redstone":1,"minecraft:light_gray_carpet":3,"minecraft:light_blue_terracotta":9,"minecraft:spruce_planks":154,"minecraft:polished_blackstone_wall":20,"minecraft:dried_kelp_block":2,"minecraft:green_glazed_terracotta":1,"minecraft:end_stone_brick_wall":12,"minecraft:anvil":9,"minecraft:ancient_debris":20,"minecraft:dirt":1,"minecraft:target":14,"minecraft:red_nether_brick_slab":7,"minecraft:white_carpet":1,"minecraft:hopper":2,"minecraft:prismarine_bricks":12,"minecraft:twisting_vines":12,"minecraft:spruce_stairs":214,"minecraft:cobblestone_wall":40,"minecraft:nether_brick_slab":414,"minecraft:oak_wood":6,"minecraft:pink_carpet":1,"minecraft:polished_granite_slab":4,"minecraft:granite":24,"minecraft:spruce_fence":22,"minecraft:blue_concrete":3,"minecraft:light_blue_stained_glass":7,"minecraft:nether_brick_stairs":275,"minecraft:polished_diorite":31,"minecraft:fern":8,"minecraft:andesite_wall":44,"minecraft:shroomlight":2,"minecraft:stone_brick_slab":3,"minecraft:brown_terracotta":456,"minecraft:dark_oak_planks":21,"minecraft:sea_lantern":270,"minecraft:light_gray_stained_glass":67,"minecraft:yellow_stained_glass":4,"minecraft:smooth_sandstone":143,"minecraft:light_weighted_pressure_plate":3,"minecraft:oak_stairs":6,"minecraft:jungle_log":1,"minecraft:spruce_button":2,"minecraft:brick_stairs":108,"minecraft:warped_fence":1,"minecraft:acacia_slab":6,"minecraft:crimson_slab":3,"minecraft:smooth_quartz":247,"minecraft:yellow_concrete_powder":32,"minecraft:light_gray_wool":278,"minecraft:basalt":3,"minecraft:tripwire_hook":17,"minecraft:purple_concrete":4,"minecraft:glowstone":27,"minecraft:tall_grass":8,"minecraft:lime_concrete":71,"minecraft:warped_stairs":14,"minecraft:black_stained_glass":43,"minecraft:emerald_block":44,"minecraft:iron_trapdoor":225,"minecraft:magenta_terracotta":38,"minecraft:white_stained_glass_pane":115,"minecraft:infested_cobblestone":1,"minecraft:cyan_concrete_powder":3,"minecraft:zombified_piglin_spawn_egg":1,"minecraft:acacia_planks":4,"minecraft:orange_stained_glass_pane":5,"minecraft:observer":1,"minecraft:orange_terracotta":81,"minecraft:brown_bed":3,"minecraft:brain_coral_block":14,"minecraft:quartz_bricks":9,"minecraft:wheat_seeds":1,"minecraft:water_bucket":44,"minecraft:warped_stem":25,"minecraft:nether_brick_wall":22,"minecraft:jigsaw":3,"minecraft:cobblestone_stairs":33,"minecraft:sandstone_stairs":41,"minecraft:pink_glazed_terracotta":41,"minecraft:lodestone":13,"minecraft:snow_block":4,"minecraft:birch_planks":64,"minecraft:yellow_shulker_box":1,"minecraft:polished_andesite":97,"minecraft:blue_wool":19,"minecraft:smooth_sandstone_slab":37,"minecraft:brown_mushroom":3,"minecraft:blue_concrete_powder":17,"minecraft:spruce_sign":1,"minecraft:cauldron":41,"minecraft:red_glazed_terracotta":1,"minecraft:chiseled_nether_bricks":1,"minecraft:polished_blackstone_bricks":1,"minecraft:gilded_blackstone":4,"minecraft:diamond_block":18,"minecraft:orange_carpet":1,"minecraft:light_gray_banner":3,"minecraft:terracotta":236,"minecraft:vine":1,"minecraft:strider_spawn_egg":3,"minecraft:tnt":7,"minecraft:dark_prismarine_slab":22,"minecraft:cyan_glazed_terracotta":1,"minecraft:birch_sign":1,"minecraft:yellow_stained_glass_pane":6,"minecraft:light_gray_concrete_powder":404,"minecraft:brown_glazed_terracotta":21,"minecraft:painting":10,"minecraft:infested_stone_bricks":27,"minecraft:warped_planks":21,"minecraft:cake":1,"minecraft:spruce_log":1,"minecraft:oak_log":3,"minecraft:blue_stained_glass_pane":2,"minecraft:gray_terracotta":75,"minecraft:dark_prismarine":14,"minecraft:flower_pot":13,"minecraft:cornflower":1,"minecraft:acacia_stairs":2,"minecraft:black_wool":77,"minecraft:command_block":22,"minecraft:oak_button":1,"minecraft:map":1,"minecraft:magenta_concrete":34,"minecraft:jungle_stairs":76,"minecraft:cyan_concrete":17,"minecraft:stone_slab":93,"minecraft:purpur_slab":51,"minecraft:spruce_trapdoor":45,"minecraft:magenta_concrete_powder":30,"minecraft:yellow_wool":5,"minecraft:green_carpet":6,"minecraft:brown_stained_glass_pane":21,"minecraft:potion":4,"minecraft:cyan_stained_glass_pane":3,"minecraft:red_concrete_powder":6,"minecraft:white_banner":8,"minecraft:sandstone_slab":13,"minecraft:red_banner":15,"minecraft:andesite_stairs":3,"minecraft:bucket":1,"minecraft:magenta_glazed_terracotta":1,"minecraft:polished_blackstone_button":5,"minecraft:gray_wool":204,"minecraft:brown_mushroom_block":92,"minecraft:jukebox":18,"minecraft:splash_potion":343,"minecraft:birch_stairs":35},"minecraft:killed":{"minecraft:strider":2,"minecraft:creeper":1,"minecraft:villager":233},"minecraft:picked_up":{"minecraft:wooden_axe":1,"minecraft:iron_trapdoor":1,"minecraft:potion":5,"minecraft:brain_coral_block":2,"minecraft:oak_sign":1,"minecraft:red_dye":1,"minecraft:bubble_coral":2,"minecraft:magenta_concrete_powder":1,"minecraft:cyan_stained_glass":1,"minecraft:black_dye":1,"minecraft:horn_coral_fan":2,"minecraft:command_block":64,"minecraft:blue_dye":36,"minecraft:fire_coral_fan":2,"minecraft:map":1,"minecraft:chipped_anvil":1,"minecraft:brain_coral":1,"minecraft:barrel":64,"minecraft:allium":1,"minecraft:bubble_coral_fan":1,"minecraft:splash_potion":7,"minecraft:fire_coral":2,"minecraft:player_head":110,"minecraft:egg":3,"minecraft:orange_dye":1,"minecraft:music_disc_mellohi":1,"minecraft:white_dye":3,"minecraft:quartz_pillar":1,"minecraft:tube_coral":1,"minecraft:tube_coral_fan":1,"minecraft:shears":4,"minecraft:diamond_boots":1,"minecraft:wet_sponge":125,"minecraft:carrot_on_a_stick":2,"minecraft:filled_map":1,"minecraft:yellow_glazed_terracotta":1,"minecraft:smooth_sandstone":1,"minecraft:magenta_stained_glass":1,"minecraft:brain_coral_fan":3,"minecraft:painting":3},"minecraft:killed_by":{"minecraft:player":21},"minecraft:mined":{"minecraft:acacia_fence":59,"minecraft:end_rod":1},"minecraft:custom":{"minecraft:open_barrel":10,"minecraft:leave_game":125,"minecraft:time_since_death":436105,"minecraft:damage_resisted":614,"minecraft:sprint_one_cm":15563003,"minecraft:drop":37,"minecraft:talked_to_villager":1,"minecraft:deaths":34,"minecraft:jump":72134,"minecraft:walk_on_water_one_cm":15962,"minecraft:interact_with_furnace":3,"minecraft:play_one_minute":6965197,"minecraft:damage_dealt":60779,"minecraft:player_kills":57,"minecraft:crouch_one_cm":257123,"minecraft:horse_one_cm":4213,"minecraft:inspect_dropper":1,"minecraft:mob_kills":241,"minecraft:interact_with_anvil":8,"minecraft:climb_one_cm":235856,"minecraft:walk_one_cm":5090493,"minecraft:strider_one_cm":63721,"minecraft:sneak_time":174103,"minecraft:walk_under_water_one_cm":9803,"minecraft:tune_noteblock":19,"minecraft:pot_flower":2,"minecraft:interact_with_grindstone":2,"minecraft:time_since_rest":436106,"minecraft:damage_taken":11120,"minecraft:swim_one_cm":4650,"minecraft:fly_one_cm":47664726,"minecraft:open_chest":2,"minecraft:fall_one_cm":1241361}},"DataVersion":2567}