{"stats":{"minecraft:dropped":{"minecraft:gray_stained_glass_pane":1,"minecraft:player_head":78,"minecraft:wooden_sword":12,"minecraft:bamboo":44,"minecraft:sand":657,"minecraft:red_sand":2},"minecraft:used":{"minecraft:brain_coral_block":2,"minecraft:redstone_torch":3,"minecraft:black_terracotta":171,"minecraft:end_rod":4,"minecraft:nether_brick_wall":1,"minecraft:jungle_leaves":36,"minecraft:sea_lantern":10,"minecraft:cornflower":4,"minecraft:iron_bars":7,"minecraft:sandstone_stairs":7,"minecraft:grass_block":4,"minecraft:light_gray_carpet":2,"minecraft:gray_carpet":2,"minecraft:carrot_on_a_stick":923,"minecraft:jungle_fence":17,"minecraft:dark_oak_slab":27,"minecraft:spruce_trapdoor":8,"minecraft:diorite_wall":3,"minecraft:stone_brick_stairs":1,"minecraft:player_head":6,"minecraft:green_carpet":6,"minecraft:glowstone":3,"minecraft:wooden_sword":606,"minecraft:anvil":2,"minecraft:cut_sandstone_slab":2,"minecraft:sandstone_slab":7,"minecraft:nether_brick_slab":120,"minecraft:brown_glazed_terracotta":4,"minecraft:gray_concrete":29,"minecraft:coarse_dirt":7,"minecraft:nether_brick_stairs":4,"minecraft:splash_potion":33},"minecraft:killed":{"minecraft:villager":133},"minecraft:picked_up":{"minecraft:cocoa_beans":36,"minecraft:sandstone":64,"minecraft:leather_chestplate":1,"minecraft:leather_leggings":1,"minecraft:sand":584,"minecraft:white_dye":2,"minecraft:brain_coral_block":4,"minecraft:carrot":1,"minecraft:wooden_sword":8,"minecraft:leather_boots":1,"minecraft:red_sand":64,"minecraft:netherite_sword":1,"minecraft:painting":1,"minecraft:player_head":873,"minecraft:bamboo":990,"minecraft:nether_star":1,"minecraft:egg":1},"minecraft:killed_by":{"minecraft:player":14},"minecraft:mined":{"minecraft:acacia_fence":35},"minecraft:custom":{"minecraft:time_since_rest":408440,"minecraft:sprint_one_cm":4274655,"minecraft:damage_taken":60212,"minecraft:walk_one_cm":1390655,"minecraft:mob_kills":147,"minecraft:drop":420,"minecraft:minecart_one_cm":324,"minecraft:damage_dealt":29145,"minecraft:talked_to_villager":7,"minecraft:tune_noteblock":25,"minecraft:fly_one_cm":3557379,"minecraft:player_kills":25,"minecraft:open_barrel":27,"minecraft:open_chest":5,"minecraft:play_one_minute":1627559,"minecraft:crouch_one_cm":82068,"minecraft:deaths":17,"minecraft:sneak_time":44176,"minecraft:walk_under_water_one_cm":198,"minecraft:jump":10856,"minecraft:leave_game":64,"minecraft:walk_on_water_one_cm":541,"minecraft:time_since_death":408221,"minecraft:damage_resisted":8815,"minecraft:climb_one_cm":7853,"minecraft:fall_one_cm":5939976}},"DataVersion":2567}