{"stats":{"minecraft:dropped":{"minecraft:brain_coral_fan":6,"minecraft:bubble_coral":5,"minecraft:blue_dye":2,"minecraft:horn_coral_fan":2,"minecraft:fire_coral_fan":2,"minecraft:fire_coral":2,"minecraft:horn_coral":1,"minecraft:wooden_sword":1,"minecraft:brain_coral":3,"minecraft:diamond_boots":8,"minecraft:tube_coral_fan":2,"minecraft:cyan_stained_glass_pane":1,"minecraft:tube_coral":3,"minecraft:nether_brick_fence":1,"minecraft:bubble_coral_fan":2},"minecraft:killed_by":{"minecraft:player":6},"minecraft:mined":{"minecraft:acacia_fence":2},"minecraft:picked_up":{"minecraft:nether_brick_fence":1,"minecraft:carrot_on_a_stick":1,"minecraft:diamond_boots":2,"minecraft:oak_fence_gate":1,"minecraft:player_head":1,"minecraft:sunflower":2432},"minecraft:used":{"minecraft:brown_terracotta":5,"minecraft:cyan_terracotta":3,"minecraft:firework_rocket":2,"minecraft:carrot_on_a_stick":1599,"minecraft:polished_basalt":7,"minecraft:smooth_quartz":10,"minecraft:chiseled_nether_bricks":1,"minecraft:green_terracotta":3,"minecraft:wooden_sword":80,"minecraft:target":6,"minecraft:bow":2,"minecraft:nether_bricks":136,"minecraft:yellow_concrete":4,"minecraft:chain":2,"minecraft:crossbow":3,"minecraft:gray_concrete":8,"minecraft:blue_concrete":1,"minecraft:brown_concrete_powder":1,"minecraft:splash_potion":15},"minecraft:custom":{"minecraft:time_since_rest":59895,"minecraft:sprint_one_cm":921196,"minecraft:damage_taken":17860,"minecraft:walk_one_cm":424647,"minecraft:mob_kills":17,"minecraft:drop":41,"minecraft:damage_dealt":3378,"minecraft:talked_to_villager":2,"minecraft:fly_one_cm":1723004,"minecraft:open_chest":1,"minecraft:crouch_one_cm":23311,"minecraft:play_one_minute":212506,"minecraft:deaths":6,"minecraft:sneak_time":13779,"minecraft:aviate_one_cm":210783,"minecraft:jump":3974,"minecraft:leave_game":1,"minecraft:time_since_death":59891,"minecraft:walk_on_water_one_cm":382,"minecraft:climb_one_cm":11807,"minecraft:damage_resisted":66,"minecraft:fall_one_cm":1697197},"minecraft:killed":{"minecraft:villager":17}},"DataVersion":2567}