{"stats":{"minecraft:picked_up":{"minecraft:splash_potion":1,"minecraft:music_disc_pigstep":3,"minecraft:name_tag":64,"minecraft:egg":1},"minecraft:custom":{"minecraft:time_since_rest":91603,"minecraft:damage_taken":7417,"minecraft:sprint_one_cm":2454383,"minecraft:walk_one_cm":538984,"minecraft:mob_kills":39,"minecraft:damage_dealt":22412,"minecraft:play_record":6,"minecraft:swim_one_cm":1455,"minecraft:tune_noteblock":5,"minecraft:fly_one_cm":13253896,"minecraft:player_kills":7,"minecraft:open_chest":1,"minecraft:play_one_minute":1318840,"minecraft:strider_one_cm":352964,"minecraft:crouch_one_cm":50838,"minecraft:deaths":29,"minecraft:sneak_time":73213,"minecraft:walk_under_water_one_cm":567,"minecraft:aviate_one_cm":4378285,"minecraft:jump":12269,"minecraft:leave_game":37,"minecraft:walk_on_water_one_cm":1397,"minecraft:time_since_death":91600,"minecraft:damage_resisted":1228,"minecraft:climb_one_cm":26608,"minecraft:fall_one_cm":508342},"minecraft:used":{"minecraft:brain_coral_block":2,"minecraft:crimson_stem":10,"minecraft:brown_terracotta":6,"minecraft:dark_prismarine":1,"minecraft:hoglin_spawn_egg":13,"minecraft:orange_concrete_powder":3,"minecraft:nether_brick_fence":2,"minecraft:warped_stem":12,"minecraft:diorite":5,"minecraft:firework_rocket":92,"minecraft:crying_obsidian":10,"minecraft:pink_glazed_terracotta":14,"minecraft:music_disc_pigstep":6,"minecraft:lodestone":9,"minecraft:flint_and_steel":1,"minecraft:red_wool":1,"minecraft:cracked_polished_blackstone_bricks":10,"minecraft:infested_stone":4,"minecraft:carrot_on_a_stick":282,"minecraft:barrier":2,"minecraft:oak_sign":146,"minecraft:pig_spawn_egg":4,"minecraft:stone":1,"minecraft:redstone_block":18,"minecraft:parrot_spawn_egg":2,"minecraft:clay":10,"minecraft:gilded_blackstone":9,"minecraft:light_gray_wool":6,"minecraft:basalt":10,"minecraft:respawn_anchor":14,"minecraft:glowstone":59,"minecraft:diamond_sword":6,"minecraft:wooden_sword":470,"minecraft:snow":14,"minecraft:soul_soil":9,"minecraft:iron_trapdoor":2,"minecraft:strider_spawn_egg":3,"minecraft:smithing_table":16,"minecraft:nether_bricks":59,"minecraft:orange_terracotta":5,"minecraft:gold_block":1,"minecraft:obsidian":13,"minecraft:light_gray_concrete_powder":4,"minecraft:piglin_spawn_egg":42,"minecraft:sponge":1,"minecraft:smooth_stone_slab":52,"minecraft:egg":1,"minecraft:pink_concrete_powder":3,"minecraft:compass":1,"minecraft:splash_potion":62,"minecraft:creeper_spawn_egg":2,"minecraft:jukebox":3,"minecraft:nether_brick_stairs":5,"minecraft:cyan_stained_glass":54,"minecraft:bone_meal":4,"minecraft:brown_concrete_powder":9,"minecraft:cobweb":2,"minecraft:shroomlight":18,"minecraft:zoglin_spawn_egg":1},"minecraft:mined":{"minecraft:acacia_fence":13},"minecraft:killed_by":{"minecraft:player":20},"minecraft:killed":{"minecraft:villager":35,"minecraft:creeper":2}},"DataVersion":2567}