{"stats":{"minecraft:dropped":{"minecraft:wooden_sword":1},"minecraft:used":{"minecraft:oak_log":1,"minecraft:nether_brick_fence":6,"minecraft:lever":2,"minecraft:nether_brick_wall":2,"minecraft:crimson_fence":8,"minecraft:snow_block":3,"minecraft:light_gray_concrete":5,"minecraft:smooth_quartz_slab":84,"minecraft:warped_fence":42,"minecraft:red_stained_glass":3,"minecraft:stone_button":4,"minecraft:brown_stained_glass":270,"minecraft:redstone":2,"minecraft:carrot_on_a_stick":1456,"minecraft:white_concrete_powder":1,"minecraft:stone":37,"minecraft:gray_concrete_powder":3,"minecraft:structure_block":6,"minecraft:repeater":2,"minecraft:wooden_sword":613,"minecraft:glowstone":1,"minecraft:end_stone_brick_wall":1,"minecraft:diamond_sword":44,"minecraft:terracotta":2,"minecraft:light_blue_wool":3,"minecraft:blue_stained_glass":2,"minecraft:andesite":4,"minecraft:iron_trapdoor":8,"minecraft:gold_block":1,"minecraft:red_concrete_powder":1,"minecraft:acacia_fence":10,"minecraft:nether_bricks":1,"minecraft:smooth_stone_slab":4,"minecraft:egg":1,"minecraft:repeating_command_block":3,"minecraft:stone_pressure_plate":3,"minecraft:painting":2,"minecraft:black_concrete_powder":1,"minecraft:nether_brick_stairs":1,"minecraft:splash_potion":44,"minecraft:cyan_stained_glass":26},"minecraft:killed":{"minecraft:cat":1,"minecraft:panda":1,"minecraft:fox":10,"minecraft:villager":117},"minecraft:picked_up":{"minecraft:fishing_rod":1,"minecraft:stick":1,"minecraft:leather_chestplate":1,"minecraft:yellow_dye":64,"minecraft:carrot_on_a_stick":1,"minecraft:white_dye":270,"minecraft:sand":124,"minecraft:wooden_sword":3,"minecraft:flint_and_steel":1,"minecraft:leather_boots":1,"minecraft:bone":4,"minecraft:sugar":2,"minecraft:bow":1,"minecraft:red_sand":1,"minecraft:netherite_sword":1,"minecraft:shears":1,"minecraft:crossbow":1,"minecraft:painting":2,"minecraft:redstone_torch":1,"minecraft:player_head":22,"minecraft:totem_of_undying":1,"minecraft:bamboo":1,"minecraft:egg":1},"minecraft:killed_by":{"minecraft:player":14},"minecraft:mined":{"minecraft:acacia_fence":15},"minecraft:custom":{"minecraft:time_since_rest":88594,"minecraft:interact_with_furnace":5,"minecraft:sprint_one_cm":2953375,"minecraft:damage_taken":4485,"minecraft:walk_one_cm":764180,"minecraft:mob_kills":134,"minecraft:drop":1,"minecraft:damage_dealt":35048,"minecraft:talked_to_villager":1,"minecraft:fly_one_cm":8242330,"minecraft:player_kills":25,"minecraft:open_chest":1,"minecraft:crouch_one_cm":32480,"minecraft:play_one_minute":1594592,"minecraft:deaths":18,"minecraft:sneak_time":34646,"minecraft:jump":19300,"minecraft:damage_dealt_resisted":108676,"minecraft:leave_game":44,"minecraft:time_since_death":88592,"minecraft:walk_on_water_one_cm":722,"minecraft:climb_one_cm":16333,"minecraft:damage_resisted":1925,"minecraft:fall_one_cm":528911}},"DataVersion":2567}