{"stats":{"minecraft:killed":{"minecraft:skeleton":2,"minecraft:chicken":5,"minecraft:silverfish":6,"minecraft:turtle":3,"minecraft:sheep":3,"minecraft:donkey":1,"minecraft:zombie":2,"minecraft:blaze":8,"minecraft:endermite":1,"minecraft:horse":1,"minecraft:panda":2,"minecraft:rabbit":6,"minecraft:villager":286},"minecraft:custom":{"minecraft:interact_with_crafting_table":2,"minecraft:open_barrel":72,"minecraft:leave_game":124,"minecraft:time_since_death":8864,"minecraft:damage_resisted":4789,"minecraft:sprint_one_cm":14407129,"minecraft:drop":742,"minecraft:talked_to_villager":57,"minecraft:deaths":95,"minecraft:jump":90005,"minecraft:walk_on_water_one_cm":37390,"minecraft:interact_with_furnace":10,"minecraft:play_record":7,"minecraft:play_one_minute":9753033,"minecraft:interact_with_loom":2,"minecraft:damage_dealt":70718,"minecraft:player_kills":23,"minecraft:crouch_one_cm":376801,"minecraft:interact_with_smoker":1,"minecraft:horse_one_cm":81263,"minecraft:inspect_dropper":1,"minecraft:interact_with_anvil":16,"minecraft:mob_kills":337,"minecraft:inspect_hopper":43,"minecraft:climb_one_cm":183720,"minecraft:walk_one_cm":7114375,"minecraft:strider_one_cm":1471,"minecraft:sneak_time":323958,"minecraft:walk_under_water_one_cm":9956,"minecraft:interact_with_blast_furnace":2,"minecraft:tune_noteblock":26,"minecraft:pot_flower":250,"minecraft:interact_with_grindstone":2,"minecraft:time_since_rest":8864,"minecraft:damage_taken":27023,"minecraft:swim_one_cm":3076,"minecraft:fly_one_cm":62227036,"minecraft:open_chest":53,"minecraft:aviate_one_cm":4459,"minecraft:fall_one_cm":2045133},"minecraft:mined":{"minecraft:white_bed":2,"minecraft:acacia_fence":170,"minecraft:cyan_stained_glass_pane":19,"minecraft:end_rod":16},"minecraft:killed_by":{"minecraft:player":78},"minecraft:dropped":{"minecraft:nether_brick_stairs":1,"minecraft:vindicator_spawn_egg":1,"minecraft:acacia_wood":2,"minecraft:orange_dye":78,"minecraft:ender_pearl":1,"minecraft:lime_stained_glass_pane":1,"minecraft:carrot_on_a_stick":17,"minecraft:gold_block":1,"minecraft:cyan_terracotta":1,"minecraft:stone_button":1,"minecraft:yellow_dye":1,"minecraft:blaze_spawn_egg":1,"minecraft:wooden_sword":30,"minecraft:sugar":2,"minecraft:green_stained_glass_pane":1,"minecraft:bone":3,"minecraft:brain_coral_fan":1,"minecraft:compass":160,"minecraft:netherite_sword":1,"minecraft:rotten_flesh":3,"minecraft:red_stained_glass_pane":263,"minecraft:yellow_stained_glass_pane":4,"minecraft:sea_lantern":2,"minecraft:glowstone":64,"minecraft:painting":10,"minecraft:white_dye":72,"minecraft:glass":1,"minecraft:purple_stained_glass_pane":2,"minecraft:light_gray_concrete_powder":1,"minecraft:splash_potion":13,"minecraft:egg":2,"minecraft:blue_stained_glass_pane":31,"minecraft:black_dye":2,"minecraft:cyan_stained_glass":6,"minecraft:gray_stained_glass_pane":16,"minecraft:light_gray_stained_glass_pane":3,"minecraft:barrier":2,"minecraft:command_block":1,"minecraft:chainmail_helmet":1,"minecraft:stick":22,"minecraft:blue_dye":1,"minecraft:milk_bucket":1,"minecraft:wooden_axe":1,"minecraft:smooth_quartz_slab":1,"minecraft:red_dye":192,"minecraft:bricks":1,"minecraft:ravager_spawn_egg":1,"minecraft:player_head":132,"minecraft:blaze_rod":3,"minecraft:orange_concrete":1,"minecraft:magenta_stained_glass_pane":1,"minecraft:villager_spawn_egg":1,"minecraft:cyan_stained_glass_pane":6,"minecraft:structure_block":1,"minecraft:light_gray_concrete":1,"minecraft:end_stone_brick_wall":2,"minecraft:shears":3,"minecraft:filled_map":1,"minecraft:diamond_sword":1,"minecraft:brain_coral_block":65,"minecraft:stone":6,"minecraft:bamboo":80,"minecraft:orange_stained_glass_pane":4},"minecraft:used":{"minecraft:peony":1,"minecraft:light_blue_banner":1,"minecraft:nether_brick_fence":43,"minecraft:light_blue_stained_glass_pane":7,"minecraft:blue_terracotta":20,"minecraft:light_gray_stained_glass_pane":123,"minecraft:smooth_quartz_slab":2958,"minecraft:spruce_slab":80,"minecraft:carrot_on_a_stick":4289,"minecraft:ladder":5,"minecraft:bone_block":29,"minecraft:oak_sign":13,"minecraft:black_carpet":3,"minecraft:polished_basalt":4,"minecraft:white_concrete_powder":35,"minecraft:donkey_spawn_egg":1,"minecraft:brown_concrete":25,"minecraft:stone":394,"minecraft:zombie_spawn_egg":3,"minecraft:warped_sign":6,"minecraft:quartz_stairs":83,"minecraft:grass":4,"minecraft:player_head":17,"minecraft:green_terracotta":2,"minecraft:stripped_crimson_stem":13,"minecraft:spruce_leaves":2,"minecraft:debug_stick":743,"minecraft:soul_campfire":1,"minecraft:soul_sand":6,"minecraft:blue_stained_glass":2,"minecraft:brick_slab":4,"minecraft:nether_bricks":219,"minecraft:jungle_slab":5,"minecraft:allium":1,"minecraft:orange_wool":10,"minecraft:pink_terracotta":6,"minecraft:furnace_minecart":1,"minecraft:acacia_button":78,"minecraft:cyan_wool":2,"minecraft:snowball":60,"minecraft:weeping_vines":15,"minecraft:milk_bucket":26,"minecraft:red_sandstone_stairs":8,"minecraft:polished_blackstone_slab":4,"minecraft:glass":333,"minecraft:cyan_terracotta":110,"minecraft:bricks":15,"minecraft:coal_ore":1,"minecraft:quartz_pillar":42,"minecraft:villager_spawn_egg":12,"minecraft:music_disc_pigstep":1,"minecraft:quartz_slab":13,"minecraft:red_wool":33,"minecraft:spruce_wood":1,"minecraft:lantern":2,"minecraft:grass_block":36,"minecraft:panda_spawn_egg":1,"minecraft:quartz_block":33,"minecraft:polished_andesite_stairs":59,"minecraft:green_wool":2,"minecraft:wet_sponge":9,"minecraft:warped_nylium":5,"minecraft:dark_oak_slab":2,"minecraft:gray_concrete_powder":90,"minecraft:stone_brick_stairs":21,"minecraft:stone_bricks":148,"minecraft:repeater":2,"minecraft:birch_trapdoor":1,"minecraft:red_nether_brick_wall":9,"minecraft:red_stained_glass_pane":92,"minecraft:red_carpet":15,"minecraft:redstone_lamp":22,"minecraft:snow":16,"minecraft:magma_block":4,"minecraft:brown_carpet":20,"minecraft:warped_fungus":1,"minecraft:hay_block":9,"minecraft:written_book":1,"minecraft:yellow_glazed_terracotta":52,"minecraft:acacia_fence":70,"minecraft:gold_block":538,"minecraft:skeleton_skull":6,"minecraft:egg":15,"minecraft:gray_banner":3,"minecraft:pink_concrete_powder":3,"minecraft:end_stone_brick_stairs":4,"minecraft:dragon_head":2,"minecraft:dark_prismarine_stairs":5,"minecraft:brown_concrete_powder":39,"minecraft:seagrass":4,"minecraft:polished_blackstone_stairs":9,"minecraft:large_fern":2,"minecraft:lime_glazed_terracotta":1,"minecraft:dark_oak_stairs":16,"minecraft:end_rod":23,"minecraft:damaged_anvil":2,"minecraft:spruce_door":11,"minecraft:dropper":2,"minecraft:wither_skeleton_skull":2,"minecraft:stripped_birch_log":8,"minecraft:gray_carpet":31,"minecraft:acacia_trapdoor":1,"minecraft:powered_rail":7,"minecraft:blackstone_stairs":107,"minecraft:jungle_fence":24,"minecraft:polished_diorite_slab":1,"minecraft:cactus":4,"minecraft:lime_concrete_powder":8,"minecraft:sandstone":10,"minecraft:redstone_block":63,"minecraft:black_glazed_terracotta":1,"minecraft:composter":6,"minecraft:end_stone_brick_slab":1,"minecraft:clay":3,"minecraft:smooth_quartz_stairs":11,"minecraft:oak_leaves":3,"minecraft:white_wool":48,"minecraft:respawn_anchor":2,"minecraft:dark_oak_trapdoor":1,"minecraft:sand":40,"minecraft:purpur_stairs":6,"minecraft:yellow_terracotta":13,"minecraft:light_blue_concrete":55,"minecraft:light_blue_wool":3,"minecraft:blast_furnace":9,"minecraft:black_banner":2,"minecraft:yellow_concrete":1,"minecraft:sponge":17,"minecraft:chiseled_quartz_block":3,"minecraft:blackstone_wall":4,"minecraft:note_block":1,"minecraft:gray_concrete":152,"minecraft:black_concrete_powder":7,"minecraft:crimson_fence_gate":9,"minecraft:creeper_spawn_egg":3,"minecraft:sticky_piston":2,"minecraft:birch_fence":1,"minecraft:redstone_torch":4,"minecraft:black_terracotta":46,"minecraft:dead_fire_coral_fan":3,"minecraft:enderman_spawn_egg":1,"minecraft:lever":26,"minecraft:green_concrete":28,"minecraft:blue_glazed_terracotta":11,"minecraft:black_concrete":222,"minecraft:daylight_detector":11,"minecraft:crying_obsidian":6,"minecraft:gray_stained_glass_pane":55,"minecraft:lime_carpet":3,"minecraft:light_gray_concrete":540,"minecraft:heavy_weighted_pressure_plate":5,"minecraft:nether_sprouts":1,"minecraft:brown_wool":1,"minecraft:brown_stained_glass":121,"minecraft:barrier":530,"minecraft:stone_button":30,"minecraft:white_glazed_terracotta":2,"minecraft:red_terracotta":10,"minecraft:polished_andesite_slab":35,"minecraft:soul_lantern":13,"minecraft:blackstone_slab":25,"minecraft:ocelot_spawn_egg":2,"minecraft:coal_block":12,"minecraft:nether_wart_block":4,"minecraft:diamond_sword":55,"minecraft:wooden_sword":1228,"minecraft:light_blue_concrete_powder":3,"minecraft:dead_horn_coral_fan":1,"minecraft:dark_oak_fence":5,"minecraft:grindstone":13,"minecraft:smithing_table":1,"minecraft:andesite":32,"minecraft:white_stained_glass":31,"minecraft:green_concrete_powder":7,"minecraft:crimson_door":1,"minecraft:birch_log":8,"minecraft:chain":5,"minecraft:smooth_stone_slab":33,"minecraft:chest_minecart":1,"minecraft:white_concrete":85,"minecraft:coarse_dirt":4,"minecraft:bone_meal":8,"minecraft:gray_stained_glass":27,"minecraft:cobweb":14,"minecraft:experience_bottle":10,"minecraft:netherite_sword":19,"minecraft:oak_fence":12,"minecraft:iron_bars":58,"minecraft:oak_trapdoor":15,"minecraft:rose_bush":2,"minecraft:purpur_block":2,"minecraft:petrified_oak_slab":43,"minecraft:orange_concrete_powder":15,"minecraft:jungle_leaves":1,"minecraft:polished_blackstone_brick_slab":33,"minecraft:acacia_log":8,"minecraft:granite_stairs":26,"minecraft:crimson_fence":15,"minecraft:dead_bush":7,"minecraft:orange_concrete":158,"minecraft:flint_and_steel":2,"minecraft:red_concrete":214,"minecraft:armor_stand":117,"minecraft:redstone":10,"minecraft:light_gray_carpet":16,"minecraft:mycelium":4,"minecraft:light_blue_terracotta":1,"minecraft:stripped_warped_stem":13,"minecraft:spruce_planks":46,"minecraft:polished_blackstone_wall":6,"minecraft:structure_block":634,"minecraft:netherrack":1,"minecraft:torch":5,"minecraft:end_stone_brick_wall":23,"minecraft:anvil":22,"minecraft:red_nether_brick_slab":182,"minecraft:dirt":18,"minecraft:warped_wart_block":20,"minecraft:ancient_debris":10,"minecraft:white_carpet":19,"minecraft:hopper":8,"minecraft:spruce_stairs":96,"minecraft:twisting_vines":13,"minecraft:cobblestone_wall":25,"minecraft:yellow_carpet":3,"minecraft:nether_brick_slab":96,"minecraft:warped_door":1,"minecraft:light_gray_glazed_terracotta":1,"minecraft:oak_wood":18,"minecraft:granite":1,"minecraft:spruce_fence":12,"minecraft:light_blue_stained_glass":10,"minecraft:blue_concrete":15,"minecraft:nether_brick_stairs":141,"minecraft:oak_fence_gate":1,"minecraft:polished_diorite":4,"minecraft:fern":4,"minecraft:shroomlight":14,"minecraft:andesite_wall":4,"minecraft:music_disc_mellohi":6,"minecraft:purple_stained_glass_pane":26,"minecraft:brown_terracotta":10,"minecraft:stone_brick_slab":17,"minecraft:ravager_spawn_egg":1,"minecraft:dark_oak_planks":15,"minecraft:sea_lantern":514,"minecraft:chipped_anvil":1,"minecraft:light_gray_stained_glass":31,"minecraft:iron_block":36,"minecraft:brick_stairs":6,"minecraft:warped_fence":12,"minecraft:smooth_sandstone":6,"minecraft:crimson_slab":6,"minecraft:polished_blackstone_brick_stairs":3,"minecraft:smooth_quartz":6,"minecraft:barrel":5,"minecraft:bamboo":13,"minecraft:blaze_spawn_egg":8,"minecraft:yellow_concrete_powder":1,"minecraft:light_gray_wool":56,"minecraft:tripwire_hook":12,"minecraft:purple_concrete":11,"minecraft:glowstone":340,"minecraft:lime_concrete":1,"minecraft:warped_stairs":3,"minecraft:tall_grass":4,"minecraft:magenta_terracotta":4,"minecraft:emerald_block":165,"minecraft:iron_trapdoor":96,"minecraft:soul_soil":13,"minecraft:dark_oak_pressure_plate":1,"minecraft:white_stained_glass_pane":26,"minecraft:minecart":2,"minecraft:acacia_wood":2,"minecraft:cyan_concrete_powder":2,"minecraft:acacia_planks":2,"minecraft:orange_terracotta":24,"minecraft:orange_stained_glass_pane":10,"minecraft:dead_bubble_coral_fan":3,"minecraft:horn_coral_fan":1,"minecraft:turtle_spawn_egg":1,"minecraft:brain_coral_block":6,"minecraft:crimson_stem":4,"minecraft:water_bucket":15,"minecraft:warped_stem":25,"minecraft:nether_brick_wall":31,"minecraft:cobblestone_stairs":27,"minecraft:jigsaw":3,"minecraft:light_blue_glazed_terracotta":2,"minecraft:tube_coral_block":14,"minecraft:pink_glazed_terracotta":36,"minecraft:sandstone_stairs":29,"minecraft:snow_block":2,"minecraft:birch_planks":10,"minecraft:polished_andesite":13,"minecraft:red_nether_bricks":30,"minecraft:blue_wool":13,"minecraft:purple_glazed_terracotta":3,"minecraft:cut_sandstone":3,"minecraft:blue_concrete_powder":8,"minecraft:spruce_sign":2,"minecraft:cauldron":3,"minecraft:magenta_stained_glass":3,"minecraft:stonecutter":1,"minecraft:sheep_spawn_egg":1,"minecraft:red_glazed_terracotta":1,"minecraft:vindicator_spawn_egg":1,"minecraft:warped_roots":1,"minecraft:gilded_blackstone":1,"minecraft:pink_concrete":229,"minecraft:vine":4,"minecraft:mossy_cobblestone":1,"minecraft:diamond_block":23,"minecraft:light_gray_banner":9,"minecraft:rail":30,"minecraft:terracotta":18,"minecraft:tnt":2,"minecraft:red_mushroom":2,"minecraft:birch_sign":1,"minecraft:yellow_stained_glass_pane":2,"minecraft:campfire":3,"minecraft:light_gray_concrete_powder":142,"minecraft:dark_oak_fence_gate":1,"minecraft:painting":109,"minecraft:brown_glazed_terracotta":38,"minecraft:magenta_carpet":59,"minecraft:endermite_spawn_egg":1,"minecraft:spruce_log":8,"minecraft:warped_planks":4,"minecraft:cyan_stained_glass":116,"minecraft:nether_gold_ore":16,"minecraft:oak_log":39,"minecraft:gray_terracotta":8,"minecraft:netherite_block":50,"minecraft:dark_prismarine":1,"minecraft:flower_pot":10,"minecraft:black_wool":2,"minecraft:acacia_sign":1,"minecraft:command_block":195,"minecraft:cracked_polished_blackstone_bricks":1,"minecraft:spruce_pressure_plate":1,"minecraft:map":2,"minecraft:netherite_axe":8,"minecraft:tnt_minecart":1,"minecraft:jungle_stairs":13,"minecraft:cyan_concrete":48,"minecraft:detector_rail":9,"minecraft:magenta_concrete":3,"minecraft:cracked_nether_bricks":2,"minecraft:stone_slab":34,"minecraft:purpur_slab":7,"minecraft:magenta_concrete_powder":3,"minecraft:spruce_trapdoor":11,"minecraft:yellow_wool":5,"minecraft:crimson_sign":3,"minecraft:blue_carpet":7,"minecraft:brown_stained_glass_pane":10,"minecraft:cobblestone":11,"minecraft:cyan_stained_glass_pane":44,"minecraft:red_concrete_powder":35,"minecraft:white_banner":7,"minecraft:andesite_stairs":1,"minecraft:warped_fence_gate":1,"minecraft:lapis_block":2,"minecraft:chain_command_block":12,"minecraft:sandstone_slab":6,"minecraft:glass_pane":5,"minecraft:grass_path":5,"minecraft:repeating_command_block":4,"minecraft:sea_pickle":4,"minecraft:kelp":1,"minecraft:gray_wool":77,"minecraft:smooth_stone":17,"minecraft:brown_mushroom_block":41,"minecraft:jukebox":11,"minecraft:splash_potion":655,"minecraft:birch_stairs":28,"minecraft:soul_torch":9},"minecraft:picked_up":{"minecraft:seagrass":1,"minecraft:enchanted_book":7,"minecraft:potion":15,"minecraft:blue_stained_glass_pane":8,"minecraft:oak_sign":1,"minecraft:stick":2,"minecraft:cyan_stained_glass":1,"minecraft:music_disc_pigstep":1,"minecraft:black_dye":2,"minecraft:rotten_flesh":3,"minecraft:tropical_fish":2,"minecraft:blue_dye":2,"minecraft:cyan_terracotta":1,"minecraft:blaze_rod":6,"minecraft:barrier":2,"minecraft:brown_wool":1,"minecraft:green_concrete_powder":1,"minecraft:bat_spawn_egg":64,"minecraft:twisting_vines":6,"minecraft:chipped_anvil":5,"minecraft:jigsaw":1,"minecraft:bamboo":84,"minecraft:vindicator_spawn_egg":1,"minecraft:debug_stick":1,"minecraft:sand":128,"minecraft:yellow_stained_glass_pane":1,"minecraft:chainmail_helmet":1,"minecraft:crimson_roots":7,"minecraft:splash_potion":16,"minecraft:structure_block":1,"minecraft:orange_stained_glass_pane":1,"minecraft:gold_block":1,"minecraft:flint_and_steel":1,"minecraft:player_head":312,"minecraft:egg":3,"minecraft:music_disc_mellohi":4,"minecraft:white_dye":86,"minecraft:brown_concrete_powder":1,"minecraft:blue_concrete_powder":1,"minecraft:shears":3,"minecraft:diamond_boots":1,"minecraft:leather":2,"minecraft:yellow_dye":1,"minecraft:carrot_on_a_stick":10,"minecraft:acacia_wood":1,"minecraft:filled_map":1,"minecraft:milk_bucket":1,"minecraft:sea_lantern":1,"minecraft:painting":19,"minecraft:terracotta":1,"minecraft:sunflower":320,"minecraft:ender_pearl":2}},"DataVersion":2567}