{
    "pools": [
        {
            "rolls": 1,
            "bonus_rolls": 0,
            "entries": [
                {
                    "type": "item",
                    "weight": 1,
                    "quality": 0,
                    "name": "minecraft:splash_potion",
                    "functions": [
                        {
                            "function": "set_count",
                            "count": 1
                        },
                        {
                            "function": "set_nbt",
                            "tag": "{CustomPotionEffects:[{Id:2b,Amplifier:1b,Duration:40},{Id:12b,Duration:40},{Id:9b,Duration:100},{Id:14b,Duration:100}],CustomPotionColor:1186076}"
                        },
                        {
                            "function": "set_name",
                            "name": [
                                {
                                    "text": "Escape Potion",
                                    "italic": false
                                }
                            ]
                        }
                    ]
                }
            ]
        }
    ]
}