{
    "pools": [
        {
            "rolls": 1,
            "bonus_rolls": 0,
            "entries": [
                {
                    "type": "item",
                    "weight": 1,
                    "quality": 0,
                    "name": "minecraft:shears",
                    "functions": [
                        {
                            "function": "set_count",
                            "count": 1
                        },
                        {
                            "function": "set_nbt",
                            "tag": "{CanDestroy:[\"minecraft:acacia_fence\"],HideFlags:12,Unbreakable:1b}"
                        },
                        {
                            "function": "set_name",
                            "name": [
                                {
                                    "text": "Wire Cutters",
                                    "italic": false
                                }
                            ]
                        },
                        {
                            "function": "set_lore",
                            "lore": [
                                {
                                    "text": "These heavy duty cutters could",
                                    "color": "gray",
                                    "italic": false
                                }, 
                                {
                                    "text": "probably take out camera signal wires",
                                    "color": "gray",
                                    "italic": false
                                }
                            ]
                        }
                    ]
                }
            ]
        }
    ]
}